pair,timestamp,bid,ask,last_trade,rolling_24_hour_volume,status,client_timestamp
"XBTZAR",1641502773557,"697516.00000000","697517.00000000","697710.00000000","313.00510700","ACTIVE",1641502773557
"XBTZAR",1641502933453,"697264.00000000","698378.00000000","697436.00000000","310.51685600","ACTIVE",1641502933453
"XBTZAR",1641503792792,"695795.00000000","696973.00000000","696977.00000000","307.18355700","ACTIVE",1641503792792
"XBTZAR",1641503813260,"695829.00000000","696948.00000000","696951.00000000","307.18355700","ACTIVE",1641503813260
"XBTZAR",1641503877295,"696461.00000000","696999.00000000","696500.00000000","307.18355700","ACTIVE",1641503877295
"XBTZAR",1641504371734,"695522.00000000","696569.00000000","695517.00000000","306.48930200","ACTIVE",1641504371734
"XBTZAR",1641504422105,"695526.00000000","696456.00000000","695517.00000000","306.48930200","ACTIVE",1641504422105
"XBTZAR",1641505508632,"696280.00000000","697402.00000000","695170.00000000","301.12851000","ACTIVE",1641505508632
"XBTZAR",1641506407638,"694822.00000000","695750.00000000","695545.00000000","297.57005900","ACTIVE",1641506407638
"XBTZAR",1641507309123,"694000.00000000","694292.00000000","694291.00000000","292.90264800","ACTIVE",1641507309123
"XBTZAR",1641508208838,"694915.00000000","695634.00000000","697193.00000000","289.02081700","ACTIVE",1641508208838
"XBTZAR",1641509107207,"694370.00000000","695873.00000000","695901.00000000","272.41712000","ACTIVE",1641509107207
"XBTZAR",1641510007497,"695042.00000000","695466.00000000","695041.00000000","271.48552000","ACTIVE",1641510007497
"XBTZAR",1641510907367,"693835.00000000","693969.00000000","693969.00000000","267.07294100","ACTIVE",1641510907367
"XBTZAR",1641511807181,"693353.00000000","694436.00000000","693266.00000000","266.03635300","ACTIVE",1641511807181
"XBTZAR",1641512707523,"694312.00000000","694313.00000000","694715.00000000","265.08201100","ACTIVE",1641512707523
"XBTZAR",1641513607454,"693000.00000000","693842.00000000","693004.00000000","264.23520400","ACTIVE",1641513607454
"XBTZAR",1641514506434,"692112.00000000","692987.00000000","692111.00000000","264.09170000","ACTIVE",1641514506434
"XBTZAR",1641515406969,"692092.00000000","693328.00000000","692073.00000000","263.97232100","ACTIVE",1641515406969
"XBTZAR",1641516307772,"690448.00000000","690980.00000000","690993.00000000","264.83629300","ACTIVE",1641516307772
"XBTZAR",1641517207160,"690426.00000000","691464.00000000","690425.00000000","265.30268800","ACTIVE",1641517207160
"XBTZAR",1641518107466,"691595.00000000","692356.00000000","691005.00000000","265.60034900","ACTIVE",1641518107466
"XBTZAR",1641519007412,"691761.00000000","692218.00000000","691813.00000000","265.07003300","ACTIVE",1641519007412
"XBTZAR",1641519906577,"691405.00000000","691983.00000000","691400.00000000","265.30988300","ACTIVE",1641519906577
"XBTZAR",1641520806997,"692331.00000000","692893.00000000","692345.00000000","264.09686700","ACTIVE",1641520806997
"XBTZAR",1641521707647,"690318.00000000","690682.00000000","690300.00000000","263.79555500","ACTIVE",1641521707647
"XBTZAR",1641522606940,"690539.00000000","691481.00000000","690521.00000000","261.94600500","ACTIVE",1641522606940
"XBTZAR",1641523507455,"690200.00000000","690201.00000000","690200.00000000","261.75275100","ACTIVE",1641523507455
"XBTZAR",1641524406961,"690100.00000000","690332.00000000","690100.00000000","260.94481300","ACTIVE",1641524406961
"XBTZAR",1641525307131,"689263.00000000","691499.00000000","689954.00000000","258.94016600","ACTIVE",1641525307131
"XBTZAR",1641526207492,"681571.00000000","684631.00000000","682595.00000000","262.46315100","ACTIVE",1641526207492
"XBTZAR",1641527106945,"675289.00000000","676627.00000000","675760.00000000","267.80595400","ACTIVE",1641527106945
"XBTZAR",1641528007608,"674672.00000000","675671.00000000","675682.00000000","267.62866200","ACTIVE",1641528007608
"XBTZAR",1641528906974,"673503.00000000","673913.00000000","673501.00000000","266.78760500","ACTIVE",1641528906974
"XBTZAR",1641529806879,"666248.00000000","666992.00000000","667994.00000000","271.50386900","ACTIVE",1641529806879
"XBTZAR",1641530707305,"666725.00000000","667999.00000000","666509.00000000","273.45665200","ACTIVE",1641530707305
"XBTZAR",1641531607624,"671984.00000000","672643.00000000","671982.00000000","268.63191300","ACTIVE",1641531607624
"XBTZAR",1641532506559,"671461.00000000","672859.00000000","670894.00000000","266.98175100","ACTIVE",1641532506559
"XBTZAR",1641533407324,"674371.00000000","675794.00000000","675921.00000000","268.63472700","ACTIVE",1641533407324
"XBTZAR",1642175109193,"678501.00000000","678950.00000000","678953.00000000","306.56245400","ACTIVE",1642175109193
"XBTZAR",1642176006290,"680601.00000000","680825.00000000","680601.00000000","302.39944800","ACTIVE",1642176006290
"XBTZAR",1642176907209,"677270.00000000","677450.00000000","677119.00000000","296.62469900","ACTIVE",1642176907209
"XBTZAR",1642177807437,"678824.00000000","679062.00000000","678814.00000000","293.11234800","ACTIVE",1642177807437
"XBTZAR",1642178706505,"681749.00000000","682286.00000000","682402.00000000","289.50137500","ACTIVE",1642178706505
"XBTZAR",1642179606978,"683281.00000000","683282.00000000","683282.00000000","288.29300800","ACTIVE",1642179606978
"XBTZAR",1642180507513,"681021.00000000","681592.00000000","681007.00000000","280.83533300","ACTIVE",1642180507513
"XBTZAR",1642181407034,"680947.00000000","680948.00000000","681054.00000000","272.23191000","ACTIVE",1642181407034
"XBTZAR",1642182307363,"679593.00000000","679931.00000000","679592.00000000","270.70372000","ACTIVE",1642182307363
"XBTZAR",1642183206851,"679579.00000000","679908.00000000","679577.00000000","269.18119100","ACTIVE",1642183206851
"XBTZAR",1642184107303,"677749.00000000","678877.00000000","678877.00000000","268.69348900","ACTIVE",1642184107303
"XBTZAR",1642185007171,"677969.00000000","677970.00000000","677778.00000000","267.41911800","ACTIVE",1642185007171
"XBTZAR",1642185907409,"677260.00000000","678082.00000000","678087.00000000","268.41788700","ACTIVE",1642185907409
"XBTZAR",1642186806239,"678333.00000000","679086.00000000","679065.00000000","266.54873300","ACTIVE",1642186806239
"XBTZAR",1642187707425,"680422.00000000","680996.00000000","681000.00000000","262.68099000","ACTIVE",1642187707425
"XBTZAR",1642188606866,"680428.00000000","680429.00000000","680429.00000000","260.16360500","ACTIVE",1642188606866
"XBTZAR",1642189507164,"681192.00000000","681193.00000000","681194.00000000","261.09716800","ACTIVE",1642189507164
"XBTZAR",1642190407713,"679553.00000000","679554.00000000","679554.00000000","259.44340200","ACTIVE",1642190407713
"XBTZAR",1642191306599,"679937.00000000","679938.00000000","679976.00000000","253.50731400","ACTIVE",1642191306599
"XBTZAR",1642192207494,"679115.00000000","679780.00000000","679682.00000000","251.89971500","ACTIVE",1642192207494
"XBTZAR",1642193106508,"679373.00000000","679999.00000000","679602.00000000","252.06824800","ACTIVE",1642193106508
"XBTZAR",1642194006681,"679365.00000000","679994.00000000","679999.00000000","250.31606600","ACTIVE",1642194006681
"XBTZAR",1642194906951,"681511.00000000","682016.00000000","682025.00000000","249.75633300","ACTIVE",1642194906951
"XBTZAR",1642195806877,"680932.00000000","680984.00000000","680983.00000000","251.96681300","ACTIVE",1642195806877
"XBTZAR",1642196706950,"682049.00000000","682050.00000000","682050.00000000","251.30337200","ACTIVE",1642196706950
"XBTZAR",1642197608029,"682502.00000000","683173.00000000","683503.00000000","252.01250300","ACTIVE",1642197608029
"XBTZAR",1642198507078,"682506.00000000","682507.00000000","682506.00000000","251.56224500","ACTIVE",1642198507078
"XBTZAR",1642199406821,"681149.00000000","681612.00000000","681056.00000000","251.87389600","ACTIVE",1642199406821
"XBTZAR",1642200307032,"681912.00000000","682046.00000000","681962.00000000","251.38022500","ACTIVE",1642200307032
"XBTZAR",1642201207285,"682231.00000000","682232.00000000","682231.00000000","251.13094400","ACTIVE",1642201207285
"XBTZAR",1642202107382,"681519.00000000","681520.00000000","681535.00000000","251.34662900","ACTIVE",1642202107382
"XBTZAR",1642203006660,"679140.00000000","679582.00000000","679128.00000000","250.82623500","ACTIVE",1642203006660
"XBTZAR",1642203906555,"678400.00000000","678524.00000000","678411.00000000","250.95358600","ACTIVE",1642203906555
"XBTZAR",1642204806834,"678995.00000000","679172.00000000","678976.00000000","251.18698600","ACTIVE",1642204806834
"XBTZAR",1642205706498,"678926.00000000","679006.00000000","678545.00000000","250.82975000","ACTIVE",1642205706498
"XBTZAR",1642206607265,"679142.00000000","679433.00000000","678798.00000000","248.99077200","ACTIVE",1642206607265
"XBTZAR",1642207507094,"678002.00000000","678346.00000000","678001.00000000","249.39125200","ACTIVE",1642207507094
"XBTZAR",1642208407232,"679695.00000000","680708.00000000","680112.00000000","249.72493300","ACTIVE",1642208407232
"XBTZAR",1642209307079,"679911.00000000","680081.00000000","680391.00000000","251.22359200","ACTIVE",1642209307079
"XBTZAR",1642210207208,"679602.00000000","679603.00000000","679602.00000000","251.28849200","ACTIVE",1642210207208
"XBTZAR",1642211107330,"676851.00000000","677547.00000000","676835.00000000","251.52631600","ACTIVE",1642211107330
"XBTZAR",1642212007311,"677872.00000000","677873.00000000","677872.00000000","252.54016600","ACTIVE",1642212007311
"XBTZAR",1642212907075,"678081.00000000","678082.00000000","678081.00000000","252.64714600","ACTIVE",1642212907075
"XBTZAR",1642213806828,"677918.00000000","678072.00000000","677917.00000000","252.29572100","ACTIVE",1642213806828
"XBTZAR",1642214707230,"678664.00000000","679084.00000000","678704.00000000","252.73770800","ACTIVE",1642214707230
"XBTZAR",1642215607047,"679126.00000000","679234.00000000","679126.00000000","253.20687000","ACTIVE",1642215607047
"XBTZAR",1642216507189,"678250.00000000","678313.00000000","678404.00000000","253.55006100","ACTIVE",1642216507189
"XBTZAR",1642217407099,"678288.00000000","679163.00000000","677660.00000000","253.64282400","ACTIVE",1642217407099
"XBTZAR",1642218307306,"677973.00000000","678330.00000000","677830.00000000","253.79037700","ACTIVE",1642218307306
"XBTZAR",1642219207348,"676759.00000000","677127.00000000","677125.00000000","253.79633900","ACTIVE",1642219207348
"XBTZAR",1642220107347,"677002.00000000","677999.00000000","677138.00000000","256.56074100","ACTIVE",1642220107347
"XBTZAR",1642221007308,"676000.00000000","676241.00000000","676000.00000000","254.55520500","ACTIVE",1642221007308
"XBTZAR",1642221907394,"676088.00000000","677604.00000000","677809.00000000","254.11228100","ACTIVE",1642221907394
"XBTZAR",1642222806711,"677369.00000000","677972.00000000","677244.00000000","252.83871800","ACTIVE",1642222806711
"XBTZAR",1642223706889,"677200.00000000","677208.00000000","677980.00000000","251.77946400","ACTIVE",1642223706889
"XBTZAR",1642224607005,"677998.00000000","677999.00000000","677998.00000000","252.56153400","ACTIVE",1642224607005
"XBTZAR",1642225507022,"678307.00000000","678308.00000000","678311.00000000","249.11545500","ACTIVE",1642225507022
"XBTZAR",1642226406718,"679210.00000000","679991.00000000","679205.00000000","246.62997500","ACTIVE",1642226406718
"XBTZAR",1642227306473,"677918.00000000","679117.00000000","679306.00000000","246.17293300","ACTIVE",1642227306473
"XBTZAR",1642228206680,"678802.00000000","679706.00000000","679990.00000000","244.38737900","ACTIVE",1642228206680
"XBTZAR",1642229107317,"679911.00000000","681365.00000000","681999.00000000","241.43222900","ACTIVE",1642229107317
"XBTZAR",1642230006863,"681455.00000000","682616.00000000","682637.00000000","241.86743600","ACTIVE",1642230006863
"XBTZAR",1642230906872,"680288.00000000","681194.00000000","681233.00000000","235.01607600","ACTIVE",1642230906872
"XBTZAR",1642231806850,"681517.00000000","681518.00000000","681386.00000000","234.72211400","ACTIVE",1642231806850
"XBTZAR",1642232706985,"680599.00000000","681899.00000000","681900.00000000","234.45227900","ACTIVE",1642232706985
"XBTZAR",1642233607123,"682232.00000000","682999.00000000","683000.00000000","226.31940800","ACTIVE",1642233607123
"XBTZAR",1642234507146,"682498.00000000","682499.00000000","682486.00000000","223.54851400","ACTIVE",1642234507146
"XBTZAR",1642235407399,"681999.00000000","682000.00000000","681998.00000000","213.26161000","ACTIVE",1642235407399
"XBTZAR",1642236307071,"681564.00000000","681987.00000000","681988.00000000","212.18434600","ACTIVE",1642236307071
"XBTZAR",1642237206995,"681154.00000000","681155.00000000","681155.00000000","209.20796200","ACTIVE",1642237206995
"XBTZAR",1642238107055,"681006.00000000","681275.00000000","681000.00000000","206.87290700","ACTIVE",1642238107055
"XBTZAR",1642239007321,"680462.00000000","680463.00000000","680463.00000000","199.56634700","ACTIVE",1642239007321
"XBTZAR",1642239907311,"679415.00000000","679416.00000000","679416.00000000","196.92815900","ACTIVE",1642239907311
"XBTZAR",1642240806725,"682196.00000000","682349.00000000","681811.00000000","189.59066900","ACTIVE",1642240806725
"XBTZAR",1642241706629,"683656.00000000","683985.00000000","683629.00000000","189.13526800","ACTIVE",1642241706629
"XBTZAR",1642242606752,"684370.00000000","684371.00000000","684370.00000000","182.23019400","ACTIVE",1642242606752
"XBTZAR",1642243507131,"683023.00000000","683228.00000000","683236.00000000","180.95341800","ACTIVE",1642243507131
"XBTZAR",1642244407162,"683235.00000000","683355.00000000","683619.00000000","176.77564800","ACTIVE",1642244407162
"XBTZAR",1642245307048,"682690.00000000","682697.00000000","682267.00000000","174.64886800","ACTIVE",1642245307048
"XBTZAR",1642246207134,"683001.00000000","683305.00000000","683001.00000000","170.74420300","ACTIVE",1642246207134
"XBTZAR",1642247107375,"683229.00000000","683627.00000000","683627.00000000","164.83067800","ACTIVE",1642247107375
"XBTZAR",1642248007357,"682692.00000000","682963.00000000","682963.00000000","159.76325800","ACTIVE",1642248007357
"XBTZAR",1642248906542,"681988.00000000","682609.00000000","681975.00000000","154.38096400","ACTIVE",1642248906542
"XBTZAR",1642249806573,"681344.00000000","681346.00000000","681346.00000000","151.77438100","ACTIVE",1642249806573
"XBTZAR",1642250706403,"677079.00000000","677412.00000000","677079.00000000","150.21949700","ACTIVE",1642250706403
"XBTZAR",1642251606408,"677263.00000000","677638.00000000","677651.00000000","148.84403100","ACTIVE",1642251606408
"XBTZAR",1642252506746,"679439.00000000","679440.00000000","679353.00000000","146.51082800","ACTIVE",1642252506746
"XBTZAR",1642253406849,"680851.00000000","681145.00000000","680527.00000000","147.88958600","ACTIVE",1642253406849
"XBTZAR",1642254306882,"681041.00000000","681898.00000000","681003.00000000","148.04666400","ACTIVE",1642254306882
"XBTZAR",1642255206747,"680485.00000000","681097.00000000","680484.00000000","143.91677700","ACTIVE",1642255206747
"XBTZAR",1642256106946,"680740.00000000","680742.00000000","680740.00000000","141.94420500","ACTIVE",1642256106946
"XBTZAR",1642257007444,"680304.00000000","680994.00000000","680192.00000000","135.72254300","ACTIVE",1642257007444
"XBTZAR",1642257910175,"684002.00000000","684508.00000000","684005.00000000","132.92324900","ACTIVE",1642257910175
"XBTZAR",1642258807417,"683914.00000000","684476.00000000","683234.00000000","132.30150400","ACTIVE",1642258807417
"XBTZAR",1642259706858,"683826.00000000","683827.00000000","683826.00000000","125.17770000","ACTIVE",1642259706858
"XBTZAR",1642260609255,"683002.00000000","683710.00000000","682993.00000000","121.94517100","ACTIVE",1642260609255
"XBTZAR",1642261507104,"684645.00000000","684935.00000000","685843.00000000","117.76302700","ACTIVE",1642261507104
"XBTZAR",1642262407085,"686479.00000000","686480.00000000","686480.00000000","119.69805000","ACTIVE",1642262407085
"XBTZAR",1642263307350,"685664.00000000","686636.00000000","686646.00000000","118.89720800","ACTIVE",1642263307350
"XBTZAR",1642264206752,"684386.00000000","684870.00000000","684870.00000000","120.14451500","ACTIVE",1642264206752
"XBTZAR",1642265106481,"685050.00000000","685395.00000000","685396.00000000","119.26248700","ACTIVE",1642265106481
"XBTZAR",1642266006632,"685328.00000000","686117.00000000","685327.00000000","119.16013800","ACTIVE",1642266006632
"XBTZAR",1642266906729,"685000.00000000","685227.00000000","685001.00000000","117.75684400","ACTIVE",1642266906729
"XBTZAR",1642267806514,"686095.00000000","686477.00000000","686498.00000000","118.07453200","ACTIVE",1642267806514
"XBTZAR",1642268706347,"686181.00000000","686446.00000000","686446.00000000","118.21402400","ACTIVE",1642268706347
"XBTZAR",1642269607532,"686261.00000000","686263.00000000","686554.00000000","118.18126100","ACTIVE",1642269607532
"XBTZAR",1642270506345,"685001.00000000","685002.00000000","685002.00000000","117.66851500","ACTIVE",1642270506345
"XBTZAR",1642271407319,"685479.00000000","685480.00000000","685480.00000000","117.56539100","ACTIVE",1642271407319
"XBTZAR",1642272306358,"685996.00000000","685997.00000000","685996.00000000","116.71009200","ACTIVE",1642272306358
"XBTZAR",1642274106650,"686010.00000000","686654.00000000","686906.00000000","115.58198500","ACTIVE",1642274106650
"XBTZAR",1642275006958,"686584.00000000","687208.00000000","687196.00000000","115.88138100","ACTIVE",1642275006958
"XBTZAR",1642275907024,"687831.00000000","687999.00000000","688000.00000000","113.93335200","ACTIVE",1642275907024
"XBTZAR",1642276807027,"688398.00000000","688399.00000000","688400.00000000","115.77791400","ACTIVE",1642276807027
"XBTZAR",1642277707129,"691000.00000000","691001.00000000","691000.00000000","116.27090600","ACTIVE",1642277707129
"XBTZAR",1642278607394,"690897.00000000","691257.00000000","690896.00000000","116.44247100","ACTIVE",1642278607394
"XBTZAR",1642279506675,"689632.00000000","689633.00000000","689632.00000000","115.89232800","ACTIVE",1642279506675
"XBTZAR",1642280406771,"688150.00000000","688151.00000000","688150.00000000","115.65758000","ACTIVE",1642280406771
"XBTZAR",1642281306880,"686939.00000000","686940.00000000","686940.00000000","115.95932200","ACTIVE",1642281306880
"XBTZAR",1642282206998,"685964.00000000","685975.00000000","686050.00000000","112.42511200","ACTIVE",1642282206998
"XBTZAR",1642283107064,"685022.00000000","685496.00000000","685019.00000000","114.26087700","ACTIVE",1642283107064
"XBTZAR",1642284007193,"685238.00000000","685857.00000000","685238.00000000","113.36488500","ACTIVE",1642284007193
"XBTZAR",1642284907251,"686099.00000000","686100.00000000","686099.00000000","112.54673600","ACTIVE",1642284907251
"XBTZAR",1642285807165,"683400.00000000","683478.00000000","683522.00000000","111.66640100","ACTIVE",1642285807165
"XBTZAR",1642286707073,"683386.00000000","683799.00000000","683800.00000000","111.62269600","ACTIVE",1642286707073
"XBTZAR",1642287606985,"684327.00000000","684328.00000000","684329.00000000","111.10992600","ACTIVE",1642287606985
"XBTZAR",1642288506923,"685699.00000000","685933.00000000","685691.00000000","110.57627200","ACTIVE",1642288506923
"XBTZAR",1642289406789,"684236.00000000","684237.00000000","684310.00000000","110.18180900","ACTIVE",1642289406789
"XBTZAR",1642290306911,"683000.00000000","683001.00000000","683001.00000000","109.91949400","ACTIVE",1642290306911
"XBTZAR",1642291206806,"683000.00000000","683001.00000000","683000.00000000","109.61977300","ACTIVE",1642291206806
"XBTZAR",1642292106988,"681483.00000000","682263.00000000","682116.00000000","108.84568100","ACTIVE",1642292106988
"XBTZAR",1642293007004,"682055.00000000","682924.00000000","682978.00000000","108.52394800","ACTIVE",1642293007004
"XBTZAR",1642293906777,"681415.00000000","682323.00000000","682786.00000000","107.92308900","ACTIVE",1642293906777
"XBTZAR",1642294806582,"682137.00000000","682303.00000000","682303.00000000","106.98499100","ACTIVE",1642294806582
"XBTZAR",1642295706415,"682053.00000000","682441.00000000","683557.00000000","105.78287400","ACTIVE",1642295706415
"XBTZAR",1642296606285,"682348.00000000","682349.00000000","681998.00000000","105.95343500","ACTIVE",1642296606285
"XBTZAR",1642297507078,"682563.00000000","682564.00000000","682563.00000000","104.95456200","ACTIVE",1642297507078
"XBTZAR",1642298407074,"681403.00000000","681404.00000000","682490.00000000","104.86590500","ACTIVE",1642298407074
"XBTZAR",1642299307062,"682130.00000000","682131.00000000","682130.00000000","104.56814700","ACTIVE",1642299307062
"XBTZAR",1642300207057,"681534.00000000","681833.00000000","681664.00000000","104.27685200","ACTIVE",1642300207057
"XBTZAR",1642301106899,"681001.00000000","681316.00000000","681321.00000000","103.65253100","ACTIVE",1642301106899
"XBTZAR",1642302006565,"679903.00000000","680425.00000000","679911.00000000","104.44746200","ACTIVE",1642302006565
"XBTZAR",1642302906530,"679963.00000000","679964.00000000","679964.00000000","104.24307000","ACTIVE",1642302906530
"XBTZAR",1642303806412,"680734.00000000","681058.00000000","681057.00000000","104.23148100","ACTIVE",1642303806412
"XBTZAR",1642304706223,"680970.00000000","681156.00000000","680926.00000000","104.06552800","ACTIVE",1642304706223
"XBTZAR",1642305607081,"681601.00000000","681602.00000000","681601.00000000","103.74710700","ACTIVE",1642305607081
"XBTZAR",1642306506686,"681567.00000000","681775.00000000","681567.00000000","101.16713000","ACTIVE",1642306506686
"XBTZAR",1642307406203,"681105.00000000","681490.00000000","680941.00000000","99.30147000","ACTIVE",1642307406203
"XBTZAR",1642308307257,"682201.00000000","682202.00000000","682201.00000000","99.61758400","ACTIVE",1642308307257
"XBTZAR",1642309207179,"681553.00000000","682080.00000000","682133.00000000","99.21385300","ACTIVE",1642309207179
"XBTZAR",1642310107222,"682564.00000000","682663.00000000","682564.00000000","99.01408500","ACTIVE",1642310107222
"XBTZAR",1642311007091,"682965.00000000","683198.00000000","682803.00000000","98.31077100","ACTIVE",1642311007091
"XBTZAR",1642347908442,"683178.00000000","683179.00000000","683179.00000000","78.56670700","ACTIVE",1642347908442
"XBTZAR",1642348806899,"683556.00000000","684288.00000000","683320.00000000","77.59671000","ACTIVE",1642348806899
"XBTZAR",1642349706845,"683988.00000000","683989.00000000","683988.00000000","77.51096700","ACTIVE",1642349706845
"XBTZAR",1642350606751,"686400.00000000","686401.00000000","686401.00000000","77.61979600","ACTIVE",1642350606751
"XBTZAR",1642351506793,"685989.00000000","685992.00000000","685992.00000000","78.30767600","ACTIVE",1642351506793
"XBTZAR",1642352407103,"686156.00000000","686498.00000000","685998.00000000","78.57468600","ACTIVE",1642352407103
"XBTZAR",1642353307549,"685251.00000000","685252.00000000","684890.00000000","78.58613300","ACTIVE",1642353307549
"XBTZAR",1642354207019,"685303.00000000","685304.00000000","685304.00000000","78.42107300","ACTIVE",1642354207019
"XBTZAR",1642355107161,"683800.00000000","683925.00000000","683801.00000000","78.31198000","ACTIVE",1642355107161
"XBTZAR",1642356007127,"681523.00000000","681997.00000000","681500.00000000","79.31389100","ACTIVE",1642356007127
"XBTZAR",1642356907045,"681980.00000000","682198.00000000","681980.00000000","79.39305700","ACTIVE",1642356907045
"XBTZAR",1642357806858,"681215.00000000","681472.00000000","681473.00000000","79.12703300","ACTIVE",1642357806858
"XBTZAR",1642358706676,"681042.00000000","681215.00000000","680843.00000000","78.97945600","ACTIVE",1642358706676
"XBTZAR",1642359606994,"681317.00000000","681910.00000000","681308.00000000","78.90489800","ACTIVE",1642359606994
"XBTZAR",1642360506777,"680000.00000000","680001.00000000","680001.00000000","78.29777900","ACTIVE",1642360506777
"XBTZAR",1642361406491,"679825.00000000","679826.00000000","679825.00000000","78.68638000","ACTIVE",1642361406491
"XBTZAR",1642362307392,"679015.00000000","679843.00000000","679858.00000000","78.23716100","ACTIVE",1642362307392
"XBTZAR",1642363206485,"678930.00000000","678931.00000000","678930.00000000","76.71204400","ACTIVE",1642363206485
"XBTZAR",1642364106664,"680818.00000000","681000.00000000","681000.00000000","76.50713700","ACTIVE",1642364106664
"XBTZAR",1642365006450,"681214.00000000","681606.00000000","681834.00000000","76.29270100","ACTIVE",1642365006450
"XBTZAR",1642365906345,"682008.00000000","682385.00000000","682385.00000000","76.31205500","ACTIVE",1642365906345
"XBTZAR",1642366806426,"681294.00000000","681413.00000000","681424.00000000","77.67165300","ACTIVE",1642366806426
"XBTZAR",1642367706332,"680247.00000000","680248.00000000","680247.00000000","77.33336600","ACTIVE",1642367706332
"XBTZAR",1642368606370,"680230.00000000","680652.00000000","680654.00000000","77.23312900","ACTIVE",1642368606370
"XBTZAR",1642369506195,"679808.00000000","679809.00000000","679809.00000000","74.52035700","ACTIVE",1642369506195
"XBTZAR",1642370407101,"680070.00000000","680655.00000000","681330.00000000","74.54608800","ACTIVE",1642370407101
"XBTZAR",1642371307232,"683421.00000000","683422.00000000","683422.00000000","74.48772400","ACTIVE",1642371307232
"XBTZAR",1642372207273,"683528.00000000","683600.00000000","683600.00000000","74.75857400","ACTIVE",1642372207273
"XBTZAR",1642373107387,"682033.00000000","682109.00000000","682149.00000000","74.88121200","ACTIVE",1642373107387
"XBTZAR",1642374007261,"682393.00000000","682394.00000000","682393.00000000","74.74699000","ACTIVE",1642374007261
"XBTZAR",1642374907259,"682362.00000000","682913.00000000","682360.00000000","74.70826900","ACTIVE",1642374907259
"XBTZAR",1642375807157,"681972.00000000","682300.00000000","681972.00000000","74.87386100","ACTIVE",1642375807157
"XBTZAR",1642376706889,"681323.00000000","681699.00000000","681699.00000000","74.90260300","ACTIVE",1642376706889
"XBTZAR",1642377607182,"680286.00000000","680613.00000000","680619.00000000","74.62461000","ACTIVE",1642377607182
"XBTZAR",1642378507147,"681922.00000000","682280.00000000","681423.00000000","73.83217500","ACTIVE",1642378507147
"XBTZAR",1642379407282,"679929.00000000","680207.00000000","680098.00000000","73.93928500","ACTIVE",1642379407282
"XBTZAR",1642380307387,"680772.00000000","680773.00000000","680773.00000000","74.22004200","ACTIVE",1642380307387
"XBTZAR",1642381207232,"679654.00000000","679754.00000000","679614.00000000","74.24676200","ACTIVE",1642381207232
"XBTZAR",1642382107298,"679501.00000000","679563.00000000","679603.00000000","74.23956900","ACTIVE",1642382107298
"XBTZAR",1642383007176,"680287.00000000","680288.00000000","680287.00000000","74.03472700","ACTIVE",1642383007176
"XBTZAR",1642383907136,"680327.00000000","680669.00000000","680695.00000000","78.21468700","ACTIVE",1642383907136
"XBTZAR",1642384807308,"680931.00000000","681495.00000000","681161.00000000","78.21650300","ACTIVE",1642384807308
"XBTZAR",1642385707171,"680190.00000000","680191.00000000","680190.00000000","78.57950300","ACTIVE",1642385707171
"XBTZAR",1642386607312,"680997.00000000","681299.00000000","680997.00000000","78.55810100","ACTIVE",1642386607312
"XBTZAR",1642387507071,"680394.00000000","680395.00000000","680394.00000000","78.58932000","ACTIVE",1642387507071
"XBTZAR",1642388406700,"680915.00000000","681073.00000000","680986.00000000","77.30840800","ACTIVE",1642388406700
"XBTZAR",1642389306549,"680863.00000000","680864.00000000","680864.00000000","77.50471800","ACTIVE",1642389306549
"XBTZAR",1642390206663,"679436.00000000","679437.00000000","679437.00000000","78.12972300","ACTIVE",1642390206663
"XBTZAR",1642391106153,"678252.00000000","678573.00000000","678585.00000000","79.37938500","ACTIVE",1642391106153
"XBTZAR",1642392006864,"678555.00000000","679223.00000000","679215.00000000","80.05028100","ACTIVE",1642392006864
"XBTZAR",1642392906821,"678946.00000000","678950.00000000","678950.00000000","81.66539200","ACTIVE",1642392906821
"XBTZAR",1642393806804,"679484.00000000","680190.00000000","680193.00000000","82.47216200","ACTIVE",1642393806804
"XBTZAR",1642394706765,"678265.00000000","678902.00000000","678245.00000000","83.21828200","ACTIVE",1642394706765
"XBTZAR",1642395606576,"677604.00000000","677981.00000000","677603.00000000","84.51211200","ACTIVE",1642395606576
"XBTZAR",1642396506538,"674449.00000000","674450.00000000","673508.00000000","87.82884600","ACTIVE",1642396506538
"XBTZAR",1642397406488,"676528.00000000","676765.00000000","676739.00000000","88.38520600","ACTIVE",1642397406488
"XBTZAR",1642398307426,"677952.00000000","677953.00000000","677952.00000000","89.33694000","ACTIVE",1642398307426
"XBTZAR",1642399206495,"678072.00000000","678562.00000000","678074.00000000","91.83485700","ACTIVE",1642399206495
"XBTZAR",1642400106727,"676780.00000000","677268.00000000","677007.00000000","93.70025800","ACTIVE",1642400106727
"XBTZAR",1642401007335,"679660.00000000","680851.00000000","680513.00000000","94.43999600","ACTIVE",1642401007335
"XBTZAR",1642401907441,"679724.00000000","680381.00000000","679685.00000000","97.24095200","ACTIVE",1642401907441
"XBTZAR",1642402806975,"678595.00000000","679032.00000000","679028.00000000","98.75593400","ACTIVE",1642402806975
"XBTZAR",1642403707665,"679188.00000000","679192.00000000","679188.00000000","100.80740600","ACTIVE",1642403707665
"XBTZAR",1642404607291,"676921.00000000","678560.00000000","678571.00000000","106.27465700","ACTIVE",1642404607291
"XBTZAR",1642405508298,"676000.00000000","676001.00000000","676000.00000000","106.91223200","ACTIVE",1642405508298
"XBTZAR",1642406407272,"675222.00000000","675301.00000000","675475.00000000","106.81943100","ACTIVE",1642406407272
"XBTZAR",1642407307517,"676415.00000000","676735.00000000","676407.00000000","108.04613100","ACTIVE",1642407307517
"XBTZAR",1642408207206,"674720.00000000","674721.00000000","674720.00000000","109.43975400","ACTIVE",1642408207206
"XBTZAR",1642409106621,"677385.00000000","678178.00000000","678487.00000000","110.85080200","ACTIVE",1642409106621
"XBTZAR",1642410007283,"677309.00000000","678264.00000000","678306.00000000","112.59290000","ACTIVE",1642410007283
"XBTZAR",1642410906881,"678369.00000000","678370.00000000","678369.00000000","114.98735000","ACTIVE",1642410906881
"XBTZAR",1642411807743,"676530.00000000","676531.00000000","676531.00000000","114.98808600","ACTIVE",1642411807743
"XBTZAR",1642412707120,"676012.00000000","676630.00000000","676635.00000000","115.55500100","ACTIVE",1642412707120
"XBTZAR",1642413607494,"677652.00000000","677866.00000000","677651.00000000","117.84681600","ACTIVE",1642413607494
"XBTZAR",1642414506920,"677083.00000000","677572.00000000","677072.00000000","118.22613700","ACTIVE",1642414506920
"XBTZAR",1642415491509,"676067.00000000","676068.00000000","676067.00000000","119.83305300","ACTIVE",1642415491509
"XBTZAR",1642416307198,"675237.00000000","675238.00000000","675237.00000000","120.69207200","ACTIVE",1642416307198
"XBTZAR",1642417207974,"676032.00000000","676447.00000000","676012.00000000","120.91299100","ACTIVE",1642417207974
"XBTZAR",1642418107749,"676651.00000000","676972.00000000","676987.00000000","120.27466000","ACTIVE",1642418107749
"XBTZAR",1642419007796,"676696.00000000","676894.00000000","676896.00000000","121.90854200","ACTIVE",1642419007796
"XBTZAR",1642419907513,"676509.00000000","677249.00000000","676497.00000000","120.18851100","ACTIVE",1642419907513
"XBTZAR",1642420806944,"675575.00000000","676626.00000000","676639.00000000","121.25664300","ACTIVE",1642420806944
"XBTZAR",1642421707014,"673716.00000000","673965.00000000","673716.00000000","124.15888600","ACTIVE",1642421707014
"XBTZAR",1642422607084,"676999.00000000","677000.00000000","676999.00000000","127.10335500","ACTIVE",1642422607084
"XBTZAR",1642423507773,"676194.00000000","676195.00000000","676194.00000000","128.73987500","ACTIVE",1642423507773
"XBTZAR",1642424407152,"675027.00000000","675808.00000000","675866.00000000","127.19074400","ACTIVE",1642424407152
"XBTZAR",1642425307210,"675708.00000000","676000.00000000","675701.00000000","129.99151600","ACTIVE",1642425307210
"XBTZAR",1642426207351,"675652.00000000","676644.00000000","675652.00000000","128.95999700","ACTIVE",1642426207351
"XBTZAR",1642427107138,"675844.00000000","676009.00000000","675836.00000000","125.43882400","ACTIVE",1642427107138
"XBTZAR",1642428006928,"676612.00000000","676994.00000000","676610.00000000","126.31039900","ACTIVE",1642428006928
"XBTZAR",1642428907257,"676198.00000000","676442.00000000","676393.00000000","125.27999500","ACTIVE",1642428907257
"XBTZAR",1642429807428,"677935.00000000","677999.00000000","677999.00000000","128.62260200","ACTIVE",1642429807428
"XBTZAR",1642430706454,"677049.00000000","677433.00000000","677803.00000000","127.85479300","ACTIVE",1642430706454
"XBTZAR",1642431606795,"676112.00000000","676615.00000000","676200.00000000","130.53028200","ACTIVE",1642431606795
"XBTZAR",1642432506609,"674426.00000000","674985.00000000","674985.00000000","130.81209500","ACTIVE",1642432506609
"XBTZAR",1642433406763,"676199.00000000","676204.00000000","676196.00000000","130.82301500","ACTIVE",1642433406763
"XBTZAR",1642434306741,"675654.00000000","675913.00000000","675659.00000000","130.69647300","ACTIVE",1642434306741
"XBTZAR",1642435206599,"673702.00000000","673909.00000000","673700.00000000","130.82461700","ACTIVE",1642435206599
"XBTZAR",1642436106644,"670401.00000000","670402.00000000","670400.00000000","131.73398100","ACTIVE",1642436106644
"XBTZAR",1642437006871,"671325.00000000","671805.00000000","671819.00000000","133.92316500","ACTIVE",1642437006871
"XBTZAR",1642437907317,"670645.00000000","671473.00000000","670602.00000000","133.76390000","ACTIVE",1642437907317
"XBTZAR",1642438807279,"670289.00000000","671237.00000000","670244.00000000","133.70672800","ACTIVE",1642438807279
"XBTZAR",1642439707480,"667677.00000000","669319.00000000","669377.00000000","136.06074100","ACTIVE",1642439707480
"XBTZAR",1642440606675,"667100.00000000","668109.00000000","668000.00000000","135.97329000","ACTIVE",1642440606675
"XBTZAR",1642441506537,"669694.00000000","669900.00000000","669693.00000000","137.87366300","ACTIVE",1642441506537
"XBTZAR",1642442406616,"668000.00000000","668997.00000000","668997.00000000","135.91029800","ACTIVE",1642442406616
"XBTZAR",1642443306764,"667218.00000000","667599.00000000","667599.00000000","136.90711400","ACTIVE",1642443306764
"XBTZAR",1642444206538,"666800.00000000","667000.00000000","667000.00000000","137.39790100","ACTIVE",1642444206538
"XBTZAR",1642445106612,"667650.00000000","667651.00000000","667650.00000000","139.35895100","ACTIVE",1642445106612
"XBTZAR",1642446006671,"669625.00000000","669971.00000000","669619.00000000","140.49775800","ACTIVE",1642446006671
"XBTZAR",1642446906616,"669999.00000000","670000.00000000","669999.00000000","140.74513900","ACTIVE",1642446906616
"XBTZAR",1642447806646,"669229.00000000","669230.00000000","669230.00000000","142.24837400","ACTIVE",1642447806646
"XBTZAR",1642448706344,"670014.00000000","670015.00000000","670014.00000000","143.52689900","ACTIVE",1642448706344
"XBTZAR",1642449607258,"670891.00000000","670892.00000000","671112.00000000","144.62759600","ACTIVE",1642449607258
"XBTZAR",1642450507088,"670033.00000000","670234.00000000","670001.00000000","143.66995200","ACTIVE",1642450507088
"XBTZAR",1642451407009,"670001.00000000","670002.00000000","670001.00000000","144.28694700","ACTIVE",1642451407009
"XBTZAR",1642452307135,"668517.00000000","669066.00000000","669067.00000000","148.19326600","ACTIVE",1642452307135
"XBTZAR",1642453207273,"668391.00000000","668950.00000000","668871.00000000","146.37953000","ACTIVE",1642453207273
"XBTZAR",1642454107251,"667101.00000000","667993.00000000","668000.00000000","148.03268900","ACTIVE",1642454107251
"XBTZAR",1642455007301,"665000.00000000","665001.00000000","665000.00000000","148.68529800","ACTIVE",1642455007301
"XBTZAR",1642455906234,"662135.00000000","663420.00000000","663444.00000000","151.74389000","ACTIVE",1642455906234
"XBTZAR",1642456807168,"662500.00000000","662798.00000000","662799.00000000","153.88387500","ACTIVE",1642456807168
"XBTZAR",1642457707287,"661728.00000000","662720.00000000","662431.00000000","155.86897500","ACTIVE",1642457707287
"XBTZAR",1642458607208,"664439.00000000","664763.00000000","664770.00000000","156.67549700","ACTIVE",1642458607208
"XBTZAR",1642459507042,"671825.00000000","672086.00000000","671728.00000000","159.59900900","ACTIVE",1642459507042
"XBTZAR",1642460406780,"669091.00000000","669209.00000000","669210.00000000","165.22336600","ACTIVE",1642460406780
"XBTZAR",1642461306350,"670659.00000000","670835.00000000","670836.00000000","166.16838800","ACTIVE",1642461306350
"XBTZAR",1642462207209,"670257.00000000","670258.00000000","669781.00000000","167.03872800","ACTIVE",1642462207209
"XBTZAR",1642463107017,"671016.00000000","671017.00000000","671348.00000000","167.14482000","ACTIVE",1642463107017
"XBTZAR",1642464006876,"671024.00000000","671026.00000000","671024.00000000","168.49080300","ACTIVE",1642464006876
"XBTZAR",1642464906618,"672772.00000000","673051.00000000","672429.00000000","168.58073200","ACTIVE",1642464906618
"XBTZAR",1642465806424,"672666.00000000","672667.00000000","672667.00000000","169.29638400","ACTIVE",1642465806424
"XBTZAR",1642466706530,"672474.00000000","672712.00000000","672027.00000000","169.96533200","ACTIVE",1642466706530
"XBTZAR",1642467606464,"673158.00000000","673706.00000000","673868.00000000","170.77419400","ACTIVE",1642467606464
"XBTZAR",1642468507108,"673933.00000000","674310.00000000","673998.00000000","170.86826200","ACTIVE",1642468507108
"XBTZAR",1642469406920,"672918.00000000","673419.00000000","673438.00000000","170.91708200","ACTIVE",1642469406920
"XBTZAR",1642470306818,"671317.00000000","672148.00000000","673091.00000000","166.51265200","ACTIVE",1642470306818
"XBTZAR",1642471206824,"671399.00000000","671777.00000000","671428.00000000","166.33339500","ACTIVE",1642471206824
"XBTZAR",1642472106325,"670847.00000000","671125.00000000","670782.00000000","165.97510500","ACTIVE",1642472106325
"XBTZAR",1642473007060,"670027.00000000","670567.00000000","670725.00000000","166.26363600","ACTIVE",1642473007060
"XBTZAR",1642473906624,"671145.00000000","671146.00000000","671145.00000000","166.66343300","ACTIVE",1642473906624
"XBTZAR",1642474807087,"671034.00000000","671119.00000000","671034.00000000","167.63803400","ACTIVE",1642474807087
"XBTZAR",1642475706945,"670347.00000000","670688.00000000","670506.00000000","168.96658700","ACTIVE",1642475706945
"XBTZAR",1642476606555,"669176.00000000","670000.00000000","669825.00000000","168.24667900","ACTIVE",1642476606555
"XBTZAR",1642477507373,"667469.00000000","668680.00000000","668680.00000000","167.65209200","ACTIVE",1642477507373
"XBTZAR",1642478407356,"669084.00000000","669286.00000000","669286.00000000","166.55855600","ACTIVE",1642478407356
"XBTZAR",1642479307261,"667416.00000000","667810.00000000","667011.00000000","166.30225500","ACTIVE",1642479307261
"XBTZAR",1642480207180,"667434.00000000","668867.00000000","667305.00000000","170.51568400","ACTIVE",1642480207180
"XBTZAR",1642481106982,"668956.00000000","668957.00000000","668957.00000000","172.10533000","ACTIVE",1642481106982
"XBTZAR",1642482006868,"668290.00000000","668628.00000000","668290.00000000","175.69728800","ACTIVE",1642482006868
"XBTZAR",1642482906630,"670598.00000000","670599.00000000","670597.00000000","175.36641400","ACTIVE",1642482906630
"XBTZAR",1642483806458,"669640.00000000","670245.00000000","670245.00000000","176.75285700","ACTIVE",1642483806458
"XBTZAR",1642484706398,"669041.00000000","669876.00000000","670038.00000000","181.96809600","ACTIVE",1642484706398
"XBTZAR",1642485607259,"669134.00000000","669791.00000000","669796.00000000","178.52671000","ACTIVE",1642485607259
"XBTZAR",1642486507261,"669720.00000000","670727.00000000","669717.00000000","178.45604400","ACTIVE",1642486507261
"XBTZAR",1642487407398,"671363.00000000","671888.00000000","671890.00000000","178.93291100","ACTIVE",1642487407398
"XBTZAR",1642488306374,"672134.00000000","672201.00000000","672512.00000000","179.41808900","ACTIVE",1642488306374
"XBTZAR",1642489207259,"671309.00000000","671763.00000000","671313.00000000","188.32605000","ACTIVE",1642489207259
"XBTZAR",1642490107273,"670590.00000000","670591.00000000","670591.00000000","190.79568600","ACTIVE",1642490107273
"XBTZAR",1642491009058,"669193.00000000","669458.00000000","669189.00000000","188.85566800","ACTIVE",1642491009058
"XBTZAR",1642491906838,"667957.00000000","667958.00000000","667958.00000000","197.83140700","ACTIVE",1642491906838
"XBTZAR",1642492807411,"668373.00000000","669473.00000000","668923.00000000","198.38173800","ACTIVE",1642492807411
"XBTZAR",1642493706320,"664498.00000000","664520.00000000","664520.00000000","201.79522700","ACTIVE",1642493706320
"XBTZAR",1642494607365,"663000.00000000","663375.00000000","663260.00000000","203.33967100","ACTIVE",1642494607365
"XBTZAR",1642495507284,"663998.00000000","664000.00000000","664000.00000000","203.59578300","ACTIVE",1642495507284
"XBTZAR",1642496407265,"662170.00000000","662171.00000000","662171.00000000","206.85944200","ACTIVE",1642496407265
"XBTZAR",1642497307368,"661299.00000000","661300.00000000","661300.00000000","206.68467700","ACTIVE",1642497307368
"XBTZAR",1642498206514,"662154.00000000","664256.00000000","664124.00000000","209.05399000","ACTIVE",1642498206514
"XBTZAR",1642499106288,"666251.00000000","666524.00000000","666536.00000000","213.87851000","ACTIVE",1642499106288
"XBTZAR",1642500007243,"666326.00000000","666979.00000000","666325.00000000","215.24442500","ACTIVE",1642500007243
"XBTZAR",1642500907192,"667324.00000000","668474.00000000","667316.00000000","218.55111100","ACTIVE",1642500907192
"XBTZAR",1642501807049,"666819.00000000","666820.00000000","666819.00000000","221.17710700","ACTIVE",1642501807049
"XBTZAR",1642502707094,"667526.00000000","668148.00000000","667521.00000000","221.55983100","ACTIVE",1642502707094
"XBTZAR",1642503607530,"667082.00000000","667136.00000000","667082.00000000","221.99120400","ACTIVE",1642503607530
"XBTZAR",1642504506676,"666705.00000000","666706.00000000","666705.00000000","221.28244400","ACTIVE",1642504506676
"XBTZAR",1642505406813,"665545.00000000","665546.00000000","665545.00000000","221.45453300","ACTIVE",1642505406813
"XBTZAR",1642506306892,"663436.00000000","664426.00000000","663417.00000000","227.10773700","ACTIVE",1642506306892
"XBTZAR",1642507206954,"664856.00000000","664989.00000000","664855.00000000","226.82378500","ACTIVE",1642507206954
"XBTZAR",1642508107179,"662863.00000000","663422.00000000","662993.00000000","224.25553800","ACTIVE",1642508107179
"XBTZAR",1642509007317,"662996.00000000","663962.00000000","663988.00000000","229.71348300","ACTIVE",1642509007317
"XBTZAR",1642509906659,"662961.00000000","662963.00000000","662963.00000000","229.35749200","ACTIVE",1642509906659
"XBTZAR",1642510806948,"663618.00000000","664086.00000000","663618.00000000","230.48483100","ACTIVE",1642510806948
"XBTZAR",1642511706592,"661018.00000000","661694.00000000","661694.00000000","229.50640400","ACTIVE",1642511706592
"XBTZAR",1642512606642,"658900.00000000","659690.00000000","658900.00000000","231.45830300","ACTIVE",1642512606642
"XBTZAR",1642513506551,"658700.00000000","658707.00000000","658700.00000000","234.60564900","ACTIVE",1642513506551
"XBTZAR",1642514406716,"660730.00000000","660731.00000000","660731.00000000","236.32766100","ACTIVE",1642514406716
"XBTZAR",1642515306759,"659498.00000000","659499.00000000","659499.00000000","237.31402400","ACTIVE",1642515306759
"XBTZAR",1642516208816,"659729.00000000","659995.00000000","659729.00000000","235.85289600","ACTIVE",1642516208816
"XBTZAR",1642517106711,"658177.00000000","660597.00000000","660699.00000000","240.61701600","ACTIVE",1642517106711
"XBTZAR",1642518006721,"653913.00000000","656164.00000000","653902.00000000","243.74808200","ACTIVE",1642518006721
"XBTZAR",1642518906596,"659087.00000000","659098.00000000","659099.00000000","246.14814100","ACTIVE",1642518906596
"XBTZAR",1642519806561,"662007.00000000","663034.00000000","662685.00000000","247.36639200","ACTIVE",1642519806561
"XBTZAR",1642520706328,"662175.00000000","662315.00000000","662315.00000000","248.50709500","ACTIVE",1642520706328
"XBTZAR",1642521607517,"659341.00000000","660649.00000000","659340.00000000","249.85456300","ACTIVE",1642521607517
"XBTZAR",1642522506510,"658645.00000000","659402.00000000","659402.00000000","249.53994100","ACTIVE",1642522506510
"XBTZAR",1642523407367,"659667.00000000","660695.00000000","660710.00000000","246.74516900","ACTIVE",1642523407367
"XBTZAR",1642524307152,"661400.00000000","661500.00000000","661401.00000000","247.73301900","ACTIVE",1642524307152
"XBTZAR",1642525207152,"660547.00000000","660783.00000000","660783.00000000","248.95535600","ACTIVE",1642525207152
"XBTZAR",1642526107179,"659135.00000000","660486.00000000","658751.00000000","249.80153800","ACTIVE",1642526107179
"XBTZAR",1642527007288,"660500.00000000","660847.00000000","660500.00000000","250.17404800","ACTIVE",1642527007288
"XBTZAR",1642527907614,"661137.00000000","661789.00000000","661793.00000000","251.63121900","ACTIVE",1642527907614
"XBTZAR",1642528806672,"658230.00000000","658661.00000000","658004.00000000","256.41463300","ACTIVE",1642528806672
"XBTZAR",1642529706597,"659642.00000000","659962.00000000","659642.00000000","259.40546300","ACTIVE",1642529706597
"XBTZAR",1642530606788,"658659.00000000","659672.00000000","659660.00000000","262.94666100","ACTIVE",1642530606788
"XBTZAR",1642531507285,"659520.00000000","660824.00000000","659519.00000000","264.77349400","ACTIVE",1642531507285
"XBTZAR",1642532407540,"660500.00000000","661972.00000000","660495.00000000","268.69451100","ACTIVE",1642532407540
"XBTZAR",1642533307533,"660511.00000000","661986.00000000","660508.00000000","275.61492600","ACTIVE",1642533307533
"XBTZAR",1642534206671,"659947.00000000","661290.00000000","660433.00000000","275.34886100","ACTIVE",1642534206671
"XBTZAR",1642535106662,"661321.00000000","661956.00000000","661965.00000000","277.71729800","ACTIVE",1642535106662
"XBTZAR",1642536006807,"661579.00000000","662360.00000000","662369.00000000","278.59828800","ACTIVE",1642536006807
"XBTZAR",1642536906525,"661073.00000000","662491.00000000","662536.00000000","281.24281900","ACTIVE",1642536906525
"XBTZAR",1642537806636,"660935.00000000","660936.00000000","660935.00000000","281.79675300","ACTIVE",1642537806636
"XBTZAR",1642538706429,"660110.00000000","660111.00000000","660111.00000000","278.68753000","ACTIVE",1642538706429
"XBTZAR",1642539606548,"662279.00000000","662616.00000000","662278.00000000","279.89247500","ACTIVE",1642539606548
"XBTZAR",1642540506628,"665456.00000000","665785.00000000","665499.00000000","278.48135600","ACTIVE",1642540506628
"XBTZAR",1642541406719,"669984.00000000","670499.00000000","670327.00000000","281.15875900","ACTIVE",1642541406719
"XBTZAR",1642542306601,"672612.00000000","672996.00000000","672997.00000000","280.57110900","ACTIVE",1642542306601
"XBTZAR",1642543206459,"671433.00000000","672753.00000000","671315.00000000","280.56529300","ACTIVE",1642543206459
"XBTZAR",1642544106969,"670557.00000000","671813.00000000","671824.00000000","278.79920400","ACTIVE",1642544106969
"XBTZAR",1642545006894,"671001.00000000","671950.00000000","671954.00000000","278.65928600","ACTIVE",1642545006894
"XBTZAR",1642545906621,"675577.00000000","675821.00000000","675577.00000000","275.35541500","ACTIVE",1642545906621
"XBTZAR",1642546806573,"675003.00000000","675232.00000000","675285.00000000","273.48110600","ACTIVE",1642546806573
"XBTZAR",1642547707500,"675119.00000000","676484.00000000","676519.00000000","271.99434900","ACTIVE",1642547707500
"XBTZAR",1642548606694,"674741.00000000","675047.00000000","674757.00000000","271.71762100","ACTIVE",1642548606694
"XBTZAR",1642549506629,"673782.00000000","674831.00000000","674641.00000000","271.91576800","ACTIVE",1642549506629
"XBTZAR",1642550406763,"673373.00000000","673599.00000000","673600.00000000","270.71040600","ACTIVE",1642550406763
"XBTZAR",1642551306942,"671974.00000000","672877.00000000","671785.00000000","270.28478800","ACTIVE",1642551306942
"XBTZAR",1642552206918,"674045.00000000","674249.00000000","673409.00000000","268.59097100","ACTIVE",1642552206918
"XBTZAR",1642553107173,"670313.00000000","670996.00000000","671000.00000000","269.06852500","ACTIVE",1642553107173
"XBTZAR",1642554006910,"671042.00000000","672094.00000000","671001.00000000","268.59109900","ACTIVE",1642554006910
"XBTZAR",1642554906757,"671788.00000000","672149.00000000","672148.00000000","268.54440400","ACTIVE",1642554906757
"XBTZAR",1642555806850,"672585.00000000","673263.00000000","673263.00000000","268.53698200","ACTIVE",1642555806850
"XBTZAR",1642556706585,"672085.00000000","672370.00000000","672893.00000000","268.92966300","ACTIVE",1642556706585
"XBTZAR",1642557606350,"673170.00000000","674069.00000000","673120.00000000","269.14068000","ACTIVE",1642557606350
"XBTZAR",1642558507133,"673126.00000000","674124.00000000","674083.00000000","269.40557300","ACTIVE",1642558507133
"XBTZAR",1642559407018,"672985.00000000","673827.00000000","673195.00000000","269.06561300","ACTIVE",1642559407018
"XBTZAR",1642560307155,"673348.00000000","673797.00000000","673571.00000000","268.87762900","ACTIVE",1642560307155
"XBTZAR",1642561207349,"673185.00000000","673186.00000000","673185.00000000","267.83697300","ACTIVE",1642561207349
"XBTZAR",1642562107107,"672234.00000000","672523.00000000","672236.00000000","265.70250200","ACTIVE",1642562107107
"XBTZAR",1642563007142,"672230.00000000","673794.00000000","673798.00000000","265.80045800","ACTIVE",1642563007142
"XBTZAR",1642563907192,"666690.00000000","666944.00000000","666690.00000000","266.47931700","ACTIVE",1642563907192
"XBTZAR",1642564807376,"664170.00000000","664703.00000000","664706.00000000","268.56446800","ACTIVE",1642564807376
"XBTZAR",1642565706348,"662511.00000000","663582.00000000","661881.00000000","267.65379400","ACTIVE",1642565706348
"XBTZAR",1642566607360,"662121.00000000","662122.00000000","662121.00000000","264.43264000","ACTIVE",1642566607360
"XBTZAR",1642567507438,"660434.00000000","662382.00000000","660331.00000000","262.60389800","ACTIVE",1642567507438
"XBTZAR",1642568406352,"660502.00000000","662716.00000000","663010.00000000","258.37366700","ACTIVE",1642568406352
"XBTZAR",1642569307366,"662077.00000000","663888.00000000","663888.00000000","257.84105500","ACTIVE",1642569307366
"XBTZAR",1642570207308,"663279.00000000","663744.00000000","663267.00000000","257.14423800","ACTIVE",1642570207308
"XBTZAR",1642571106255,"661430.00000000","661857.00000000","661430.00000000","253.10682500","ACTIVE",1642571106255
"XBTZAR",1642572006549,"660997.00000000","661710.00000000","660612.00000000","253.14332700","ACTIVE",1642572006549
"XBTZAR",1642572906554,"662030.00000000","663198.00000000","662018.00000000","252.57251400","ACTIVE",1642572906554
"XBTZAR",1642573806625,"661132.00000000","662308.00000000","662310.00000000","250.57952800","ACTIVE",1642573806625
"XBTZAR",1642574706511,"661953.00000000","662060.00000000","662060.00000000","249.81259300","ACTIVE",1642574706511
"XBTZAR",1642575607088,"660527.00000000","662037.00000000","660526.00000000","243.49041800","ACTIVE",1642575607088
"XBTZAR",1642576506614,"657505.00000000","658570.00000000","657500.00000000","244.93331700","ACTIVE",1642576506614
"XBTZAR",1642578307151,"656005.00000000","656403.00000000","656403.00000000","239.27368500","ACTIVE",1642578307151
"XBTZAR",1642579208091,"655212.00000000","656311.00000000","656600.00000000","242.10316700","ACTIVE",1642579208091
"XBTZAR",1642580107838,"655604.00000000","655997.00000000","655997.00000000","238.06968300","ACTIVE",1642580107838
"XBTZAR",1642581007795,"653554.00000000","654281.00000000","654285.00000000","240.29933300","ACTIVE",1642581007795
"XBTZAR",1642581907338,"653873.00000000","654300.00000000","654300.00000000","245.63194400","ACTIVE",1642581907338
"XBTZAR",1642582807689,"653770.00000000","654995.00000000","654765.00000000","246.15809800","ACTIVE",1642582807689
"XBTZAR",1642583707227,"656120.00000000","656432.00000000","656432.00000000","247.99556700","ACTIVE",1642583707227
"XBTZAR",1642584607289,"656044.00000000","656485.00000000","656486.00000000","242.39834100","ACTIVE",1642584607289
"XBTZAR",1642585507339,"655733.00000000","657445.00000000","657480.00000000","241.05511700","ACTIVE",1642585507339
"XBTZAR",1642586407219,"656207.00000000","657250.00000000","657279.00000000","240.64059700","ACTIVE",1642586407219
"XBTZAR",1642587307964,"654044.00000000","654712.00000000","654712.00000000","237.17578700","ACTIVE",1642587307964
"XBTZAR",1642588207569,"654772.00000000","655198.00000000","654745.00000000","235.68925700","ACTIVE",1642588207569
"XBTZAR",1642589106802,"653530.00000000","653531.00000000","653531.00000000","235.68775500","ACTIVE",1642589106802
"XBTZAR",1642590007696,"654511.00000000","655000.00000000","654511.00000000","235.54135900","ACTIVE",1642590007696
"XBTZAR",1642590907214,"662202.00000000","663493.00000000","664000.00000000","240.42881000","ACTIVE",1642590907214
"XBTZAR",1642591808103,"660256.00000000","661166.00000000","661184.00000000","246.58669400","ACTIVE",1642591808103
"XBTZAR",1642592713331,"661639.00000000","662000.00000000","661638.00000000","242.17230900","ACTIVE",1642592713331
"XBTZAR",1642593607076,"661951.00000000","662267.00000000","661949.00000000","243.20909100","ACTIVE",1642593607076
"XBTZAR",1642594507549,"662943.00000000","662944.00000000","662943.00000000","243.87348200","ACTIVE",1642594507549
"XBTZAR",1642595407443,"662087.00000000","662879.00000000","662879.00000000","240.10858800","ACTIVE",1642595407443
"XBTZAR",1642596306922,"660501.00000000","660879.00000000","660879.00000000","241.04976300","ACTIVE",1642596306922
"XBTZAR",1642597207042,"661955.00000000","662950.00000000","661955.00000000","239.92507500","ACTIVE",1642597207042
"XBTZAR",1642598107294,"663856.00000000","664900.00000000","663854.00000000","242.48754700","ACTIVE",1642598107294
"XBTZAR",1642599006975,"662950.00000000","663701.00000000","663209.00000000","240.86220400","ACTIVE",1642599006975
"XBTZAR",1642599908154,"661836.00000000","662838.00000000","661836.00000000","240.83401400","ACTIVE",1642599908154
"XBTZAR",1642600807603,"664255.00000000","664554.00000000","664249.00000000","241.35062400","ACTIVE",1642600807603
"XBTZAR",1642601707484,"663044.00000000","664181.00000000","663027.00000000","242.22364000","ACTIVE",1642601707484
"XBTZAR",1642602608175,"663230.00000000","664200.00000000","663064.00000000","238.44361700","ACTIVE",1642602608175
"XBTZAR",1642603507885,"667700.00000000","668212.00000000","667700.00000000","238.85407200","ACTIVE",1642603507885
"XBTZAR",1642604407248,"667803.00000000","668144.00000000","667802.00000000","232.95701700","ACTIVE",1642604407248
"XBTZAR",1642606208592,"663526.00000000","663638.00000000","663526.00000000","232.76867100","ACTIVE",1642606208592
"XBTZAR",1642607106548,"659255.00000000","659265.00000000","659254.00000000","234.35323100","ACTIVE",1642607106548
"XBTZAR",1642608006543,"659001.00000000","659983.00000000","659165.00000000","234.07069600","ACTIVE",1642608006543
"XBTZAR",1642608907312,"655003.00000000","655419.00000000","655000.00000000","234.53898500","ACTIVE",1642608907312
"XBTZAR",1642609806514,"656022.00000000","656921.00000000","656921.00000000","236.61682300","ACTIVE",1642609806514
"XBTZAR",1642610706816,"655348.00000000","656118.00000000","655591.00000000","236.56170600","ACTIVE",1642610706816
"XBTZAR",1642611606731,"658073.00000000","658697.00000000","657846.00000000","239.01267400","ACTIVE",1642611606731
"XBTZAR",1642612506541,"663985.00000000","663997.00000000","663980.00000000","238.71074300","ACTIVE",1642612506541
"XBTZAR",1642613406507,"663300.00000000","663301.00000000","663300.00000000","236.91809600","ACTIVE",1642613406507
"XBTZAR",1642614306740,"658773.00000000","659946.00000000","659965.00000000","236.09061000","ACTIVE",1642614306740
"XBTZAR",1642615209030,"661010.00000000","662158.00000000","660985.00000000","233.48957100","ACTIVE",1642615209030
"XBTZAR",1642616106975,"661825.00000000","661999.00000000","661999.00000000","229.74660800","ACTIVE",1642616106975
"XBTZAR",1642617007261,"658922.00000000","660149.00000000","658887.00000000","225.61467900","ACTIVE",1642617007261
"XBTZAR",1642617907455,"658440.00000000","659317.00000000","658785.00000000","222.44833000","ACTIVE",1642617907455
"XBTZAR",1642618809753,"657778.00000000","658571.00000000","658586.00000000","217.91641200","ACTIVE",1642618809753
"XBTZAR",1642619707603,"655385.00000000","655845.00000000","655841.00000000","212.43083800","ACTIVE",1642619707603
"XBTZAR",1642620607974,"655382.00000000","656370.00000000","656382.00000000","212.33734100","ACTIVE",1642620607974
"XBTZAR",1642621507641,"656939.00000000","657881.00000000","657881.00000000","210.16634500","ACTIVE",1642621507641
"XBTZAR",1642622408857,"657046.00000000","657555.00000000","657045.00000000","209.19959600","ACTIVE",1642622408857
"XBTZAR",1642623307051,"657672.00000000","658399.00000000","657490.00000000","207.48002600","ACTIVE",1642623307051
"XBTZAR",1642624210553,"654835.00000000","654836.00000000","654947.00000000","207.01954500","ACTIVE",1642624210553
"XBTZAR",1642625109887,"654079.00000000","654080.00000000","654079.00000000","208.10546900","ACTIVE",1642625109887
"XBTZAR",1642626008092,"652895.00000000","654309.00000000","654309.00000000","207.36067400","ACTIVE",1642626008092
"XBTZAR",1642626908536,"654580.00000000","655592.00000000","655593.00000000","209.14443800","ACTIVE",1642626908536
"XBTZAR",1642627807771,"655439.00000000","655998.00000000","655318.00000000","208.40236900","ACTIVE",1642627807771
"XBTZAR",1642628707819,"654681.00000000","655609.00000000","654663.00000000","205.07800400","ACTIVE",1642628707819
"XBTZAR",1642629607465,"654346.00000000","654347.00000000","654344.00000000","203.77970300","ACTIVE",1642629607465
"XBTZAR",1642630507303,"654704.00000000","655337.00000000","654627.00000000","203.77870100","ACTIVE",1642630507303
"XBTZAR",1642631406861,"656616.00000000","657675.00000000","656616.00000000","204.20293800","ACTIVE",1642631406861
"XBTZAR",1642632307406,"658650.00000000","658877.00000000","657836.00000000","203.76868000","ACTIVE",1642632307406
"XBTZAR",1642633207084,"658721.00000000","659000.00000000","659000.00000000","200.16531000","ACTIVE",1642633207084
"XBTZAR",1642634107063,"657712.00000000","657988.00000000","657710.00000000","200.04569300","ACTIVE",1642634107063
"XBTZAR",1642635007723,"657000.00000000","657001.00000000","657001.00000000","200.01955300","ACTIVE",1642635007723
"XBTZAR",1642635907444,"655323.00000000","656291.00000000","656774.00000000","200.30364000","ACTIVE",1642635907444
"XBTZAR",1642636807008,"653598.00000000","654140.00000000","654251.00000000","201.54334500","ACTIVE",1642636807008
"XBTZAR",1642637707834,"655216.00000000","655391.00000000","655401.00000000","201.88549300","ACTIVE",1642637707834
"XBTZAR",1642638607721,"656359.00000000","656489.00000000","657263.00000000","201.99889300","ACTIVE",1642638607721
"XBTZAR",1642639507287,"655581.00000000","656056.00000000","655706.00000000","201.99597600","ACTIVE",1642639507287
"XBTZAR",1642640408133,"656707.00000000","657263.00000000","656964.00000000","201.77076000","ACTIVE",1642640408133
"XBTZAR",1642641306711,"656082.00000000","656650.00000000","656983.00000000","201.77267200","ACTIVE",1642641306711
"XBTZAR",1642642207055,"654323.00000000","654669.00000000","654750.00000000","202.12304300","ACTIVE",1642642207055
"XBTZAR",1642643108177,"655546.00000000","656049.00000000","654842.00000000","202.43361900","ACTIVE",1642643108177
"XBTZAR",1642644006742,"654479.00000000","654481.00000000","654126.00000000","204.76376100","ACTIVE",1642644006742
"XBTZAR",1642644907563,"656985.00000000","657263.00000000","657265.00000000","205.43667300","ACTIVE",1642644907563
"XBTZAR",1642645807448,"657514.00000000","657897.00000000","657733.00000000","205.90894200","ACTIVE",1642645807448
"XBTZAR",1642646707118,"658267.00000000","658999.00000000","659000.00000000","205.45443000","ACTIVE",1642646707118
"XBTZAR",1642647607880,"658381.00000000","658998.00000000","658997.00000000","205.43980700","ACTIVE",1642647607880
"XBTZAR",1642648507522,"658478.00000000","659079.00000000","659589.00000000","205.37074700","ACTIVE",1642648507522
"XBTZAR",1642649407412,"657923.00000000","657924.00000000","657923.00000000","205.47150400","ACTIVE",1642649407412
"XBTZAR",1642650306975,"657024.00000000","657025.00000000","657022.00000000","204.18697600","ACTIVE",1642650306975
"XBTZAR",1642651207743,"657737.00000000","658036.00000000","657734.00000000","202.30183000","ACTIVE",1642651207743
"XBTZAR",1642652107509,"658356.00000000","658357.00000000","658357.00000000","202.43674000","ACTIVE",1642652107509
"XBTZAR",1642653007066,"658301.00000000","658357.00000000","658357.00000000","201.62067500","ACTIVE",1642653007066
"XBTZAR",1642653907757,"658305.00000000","658644.00000000","658305.00000000","201.19487300","ACTIVE",1642653907757
"XBTZAR",1642654807040,"658061.00000000","658062.00000000","658061.00000000","200.87450900","ACTIVE",1642654807040
"XBTZAR",1642655707709,"658002.00000000","658501.00000000","658001.00000000","200.72409500","ACTIVE",1642655707709
"XBTZAR",1642656607192,"656432.00000000","656575.00000000","656432.00000000","200.25513400","ACTIVE",1642656607192
"XBTZAR",1642657507732,"657212.00000000","657333.00000000","655967.00000000","199.16628800","ACTIVE",1642657507732
"XBTZAR",1642658407495,"656196.00000000","656506.00000000","656196.00000000","203.11390700","ACTIVE",1642658407495
"XBTZAR",1642659307440,"657323.00000000","657568.00000000","656512.00000000","204.28766300","ACTIVE",1642659307440
"XBTZAR",1642660207363,"660988.00000000","661105.00000000","660933.00000000","204.74625400","ACTIVE",1642660207363
"XBTZAR",1642661107460,"660702.00000000","661052.00000000","660713.00000000","210.63275800","ACTIVE",1642661107460
"XBTZAR",1642662006942,"660190.00000000","660191.00000000","660191.00000000","210.62589600","ACTIVE",1642662006942
"XBTZAR",1642662907593,"659506.00000000","659997.00000000","659490.00000000","202.92164600","ACTIVE",1642662907593
"XBTZAR",1642663807851,"658846.00000000","659895.00000000","659896.00000000","203.63749300","ACTIVE",1642663807851
"XBTZAR",1642664707573,"659839.00000000","659902.00000000","659839.00000000","206.18306700","ACTIVE",1642664707573
"XBTZAR",1642665607266,"657621.00000000","657999.00000000","657620.00000000","205.09305600","ACTIVE",1642665607266
"XBTZAR",1642666507497,"655918.00000000","656872.00000000","655916.00000000","204.33679100","ACTIVE",1642666507497
"XBTZAR",1642667406910,"655300.00000000","655450.00000000","655451.00000000","209.15425900","ACTIVE",1642667406910
"XBTZAR",1642668306716,"655787.00000000","657015.00000000","657015.00000000","205.98491400","ACTIVE",1642668306716
"XBTZAR",1642669206698,"656503.00000000","656504.00000000","656504.00000000","209.39683400","ACTIVE",1642669206698
"XBTZAR",1642670106988,"655000.00000000","655001.00000000","655001.00000000","209.04297700","ACTIVE",1642670106988
"XBTZAR",1642671007042,"655000.00000000","655001.00000000","655000.00000000","208.92323800","ACTIVE",1642671007042
"XBTZAR",1642671907555,"657452.00000000","657453.00000000","657451.00000000","208.68687500","ACTIVE",1642671907555
"XBTZAR",1642672806330,"657451.00000000","657452.00000000","657451.00000000","208.74289000","ACTIVE",1642672806330
"XBTZAR",1642673707075,"657458.00000000","657905.00000000","657454.00000000","208.68108800","ACTIVE",1642673707075
"XBTZAR",1642674606930,"657625.00000000","657626.00000000","657626.00000000","213.73455600","ACTIVE",1642674606930
"XBTZAR",1642675506839,"657000.00000000","657005.00000000","657005.00000000","214.51192300","ACTIVE",1642675506839
"XBTZAR",1642676407029,"656561.00000000","657712.00000000","657714.00000000","216.19414500","ACTIVE",1642676407029
"XBTZAR",1642677307060,"658404.00000000","658757.00000000","658797.00000000","214.68358200","ACTIVE",1642677307060
"XBTZAR",1642678207093,"656672.00000000","656894.00000000","656894.00000000","207.48898600","ACTIVE",1642678207093
"XBTZAR",1642679106936,"656878.00000000","656927.00000000","656878.00000000","212.75595000","ACTIVE",1642679106936
"XBTZAR",1642680007948,"657100.00000000","657578.00000000","657579.00000000","213.93929600","ACTIVE",1642680007948
"XBTZAR",1642680906971,"655179.00000000","655842.00000000","655847.00000000","212.46469400","ACTIVE",1642680906971
"XBTZAR",1642681806782,"656231.00000000","656331.00000000","656337.00000000","209.12482900","ACTIVE",1642681806782
"XBTZAR",1642682706391,"655944.00000000","656088.00000000","656033.00000000","211.29380600","ACTIVE",1642682706391
"XBTZAR",1642683606410,"656249.00000000","656585.00000000","656588.00000000","211.75765200","ACTIVE",1642683606410
"XBTZAR",1642684506455,"656459.00000000","656807.00000000","656422.00000000","208.90715800","ACTIVE",1642684506455
"XBTZAR",1642685406561,"655699.00000000","655700.00000000","655533.00000000","207.91812500","ACTIVE",1642685406561
"XBTZAR",1642686306451,"660784.00000000","661039.00000000","660784.00000000","212.65786000","ACTIVE",1642686306451
"XBTZAR",1642713307221,"662011.00000000","662666.00000000","662001.00000000","224.60634300","ACTIVE",1642713307221
"XBTZAR",1642714207154,"660074.00000000","660220.00000000","660222.00000000","225.55200400","ACTIVE",1642714207154
"XBTZAR",1642715106331,"651343.00000000","652797.00000000","652800.00000000","227.12781800","ACTIVE",1642715106331
"XBTZAR",1642716007052,"646113.00000000","646500.00000000","646500.00000000","244.56521700","ACTIVE",1642716007052
"XBTZAR",1642716906736,"644449.00000000","646137.00000000","646212.00000000","250.14592600","ACTIVE",1642716906736
"XBTZAR",1642717806914,"645463.00000000","645545.00000000","645550.00000000","250.36627400","ACTIVE",1642717806914
"XBTZAR",1642718707109,"642100.00000000","643367.00000000","642286.00000000","255.16471400","ACTIVE",1642718707109
"XBTZAR",1642719607340,"642465.00000000","642506.00000000","644172.00000000","259.45869200","ACTIVE",1642719607340
"XBTZAR",1642720507696,"640007.00000000","640614.00000000","640656.00000000","260.28751800","ACTIVE",1642720507696
"XBTZAR",1642721406989,"638367.00000000","639951.00000000","638821.00000000","265.58663800","ACTIVE",1642721406989
"XBTZAR",1642722306995,"638832.00000000","639000.00000000","639000.00000000","266.73163000","ACTIVE",1642722306995
"XBTZAR",1642723207138,"637083.00000000","638798.00000000","637079.00000000","269.32187500","ACTIVE",1642723207138
"XBTZAR",1642724106831,"636024.00000000","636634.00000000","636641.00000000","271.00160000","ACTIVE",1642724106831
"XBTZAR",1642725006667,"640489.00000000","641210.00000000","641220.00000000","271.62854700","ACTIVE",1642725006667
"XBTZAR",1642725906592,"642662.00000000","643471.00000000","644695.00000000","272.24899600","ACTIVE",1642725906592
"XBTZAR",1642726806530,"640947.00000000","641902.00000000","641965.00000000","273.32704900","ACTIVE",1642726806530
"XBTZAR",1642727706660,"638775.00000000","639007.00000000","639082.00000000","274.22907800","ACTIVE",1642727706660
"XBTZAR",1642728606573,"637933.00000000","638658.00000000","637741.00000000","276.30415000","ACTIVE",1642728606573
"XBTZAR",1642729506688,"626627.00000000","628549.00000000","626626.00000000","279.63860300","ACTIVE",1642729506688
"XBTZAR",1642730406719,"623057.00000000","623157.00000000","623057.00000000","282.03063400","ACTIVE",1642730406719
"XBTZAR",1642731306804,"623422.00000000","623797.00000000","622809.00000000","282.57357000","ACTIVE",1642731306804
"XBTZAR",1642732206789,"630002.00000000","630289.00000000","630289.00000000","288.24737100","ACTIVE",1642732206789
"XBTZAR",1642733106803,"624373.00000000","626383.00000000","624969.00000000","290.81549100","ACTIVE",1642733106803
"XBTZAR",1642734006934,"621860.00000000","623393.00000000","622693.00000000","292.89221100","ACTIVE",1642734006934
"XBTZAR",1642734907012,"619597.00000000","620179.00000000","620179.00000000","295.42168200","ACTIVE",1642734907012
"XBTZAR",1642735806945,"607870.00000000","608000.00000000","608030.00000000","300.29973600","ACTIVE",1642735806945
"XBTZAR",1642736706979,"605104.00000000","605891.00000000","605892.00000000","314.16593200","ACTIVE",1642736706979
"XBTZAR",1642737606594,"602258.00000000","602585.00000000","602187.00000000","318.61526600","ACTIVE",1642737606594
"XBTZAR",1642738506600,"608111.00000000","608150.00000000","608110.00000000","326.62910000","ACTIVE",1642738506600
"XBTZAR",1642739406377,"607902.00000000","608123.00000000","608670.00000000","329.06663400","ACTIVE",1642739406377
"XBTZAR",1642740307110,"608843.00000000","608851.00000000","608851.00000000","334.68730200","ACTIVE",1642740307110
"XBTZAR",1642741206721,"608033.00000000","608255.00000000","608258.00000000","336.16761700","ACTIVE",1642741206721
"XBTZAR",1642742106320,"607557.00000000","607857.00000000","608107.00000000","338.58754800","ACTIVE",1642742106320
"XBTZAR",1642743007164,"606475.00000000","606548.00000000","606548.00000000","338.99729400","ACTIVE",1642743007164
"XBTZAR",1642743907166,"607646.00000000","608042.00000000","607937.00000000","344.59391000","ACTIVE",1642743907166
"XBTZAR",1642744806834,"607932.00000000","608373.00000000","607788.00000000","343.90940600","ACTIVE",1642744806834
"XBTZAR",1642745706883,"606870.00000000","606871.00000000","606870.00000000","344.32074100","ACTIVE",1642745706883
"XBTZAR",1642746606909,"605786.00000000","606000.00000000","605786.00000000","349.87670400","ACTIVE",1642746606909
"XBTZAR",1642747506946,"604111.00000000","604223.00000000","604245.00000000","349.52345600","ACTIVE",1642747506946
"XBTZAR",1642749308239,"604422.00000000","605684.00000000","605685.00000000","365.73869600","ACTIVE",1642749308239
"XBTZAR",1642750206692,"604350.00000000","604999.00000000","604058.00000000","366.75010000","ACTIVE",1642750206692
"XBTZAR",1642751106871,"604000.00000000","604009.00000000","604009.00000000","365.91379100","ACTIVE",1642751106871
"XBTZAR",1642752006916,"609972.00000000","609973.00000000","609972.00000000","372.86767300","ACTIVE",1642752006916
"XBTZAR",1642752906869,"608365.00000000","608970.00000000","608975.00000000","375.36144100","ACTIVE",1642752906869
"XBTZAR",1642753806974,"608870.00000000","608999.00000000","608952.00000000","372.18443900","ACTIVE",1642753806974
"XBTZAR",1642754707374,"609447.00000000","609449.00000000","609449.00000000","367.08883400","ACTIVE",1642754707374
"XBTZAR",1642755607956,"609084.00000000","609085.00000000","609084.00000000","368.30695300","ACTIVE",1642755607956
"XBTZAR",1642756507810,"606001.00000000","606312.00000000","606351.00000000","368.68288400","ACTIVE",1642756507810
"XBTZAR",1642757407940,"607736.00000000","607962.00000000","607962.00000000","367.79042400","ACTIVE",1642757407940
"XBTZAR",1642758307706,"606515.00000000","606797.00000000","606797.00000000","368.44861900","ACTIVE",1642758307706
"XBTZAR",1642759207444,"606010.00000000","606548.00000000","606007.00000000","371.40430900","ACTIVE",1642759207444
"XBTZAR",1642760106897,"605656.00000000","605951.00000000","605957.00000000","374.72931800","ACTIVE",1642760106897
"XBTZAR",1642761007512,"606843.00000000","607473.00000000","606813.00000000","384.40374900","ACTIVE",1642761007512
"XBTZAR",1642761906937,"605815.00000000","606657.00000000","606421.00000000","383.08920500","ACTIVE",1642761906937
"XBTZAR",1642762808367,"605070.00000000","605547.00000000","605135.00000000","383.89767100","ACTIVE",1642762808367
"XBTZAR",1642763707192,"603507.00000000","603754.00000000","603507.00000000","383.75386800","ACTIVE",1642763707192
"XBTZAR",1642764607419,"603525.00000000","603894.00000000","603010.00000000","381.40770900","ACTIVE",1642764607419
"XBTZAR",1642765507460,"603049.00000000","603998.00000000","603028.00000000","391.73492500","ACTIVE",1642765507460
"XBTZAR",1642766407535,"605226.00000000","607595.00000000","606800.00000000","395.29191500","ACTIVE",1642766407535
"XBTZAR",1642767307701,"601088.00000000","601236.00000000","601086.00000000","402.58882300","ACTIVE",1642767307701
"XBTZAR",1642768207730,"600072.00000000","600283.00000000","600444.00000000","410.45115300","ACTIVE",1642768207730
"XBTZAR",1642769108175,"589266.00000000","589998.00000000","589999.00000000","420.28574600","ACTIVE",1642769108175
"XBTZAR",1642770006910,"591778.00000000","592066.00000000","591778.00000000","438.81656600","ACTIVE",1642770006910
"XBTZAR",1642770908069,"594579.00000000","595846.00000000","594578.00000000","448.62898500","ACTIVE",1642770908069
"XBTZAR",1642771807015,"594865.00000000","595753.00000000","595777.00000000","451.25353800","ACTIVE",1642771807015
"XBTZAR",1642772707584,"599997.00000000","599998.00000000","599997.00000000","453.86977400","ACTIVE",1642772707584
"XBTZAR",1642773607550,"596513.00000000","596514.00000000","596514.00000000","456.57758300","ACTIVE",1642773607550
"XBTZAR",1642774508012,"595457.00000000","597519.00000000","597471.00000000","463.75963900","ACTIVE",1642774508012
"XBTZAR",1642775407599,"599278.00000000","599742.00000000","598916.00000000","463.21439000","ACTIVE",1642775407599
"XBTZAR",1642776307724,"598206.00000000","598944.00000000","598949.00000000","463.68532400","ACTIVE",1642776307724
"XBTZAR",1642777206862,"597784.00000000","597956.00000000","597955.00000000","465.21904500","ACTIVE",1642777206862
"XBTZAR",1642778107228,"596619.00000000","596644.00000000","596644.00000000","466.07188000","ACTIVE",1642778107228
"XBTZAR",1642779006822,"600000.00000000","600392.00000000","600000.00000000","457.01350700","ACTIVE",1642779006822
"XBTZAR",1642779907695,"602839.00000000","603220.00000000","603224.00000000","461.00179400","ACTIVE",1642779907695
"XBTZAR",1642780807717,"603764.00000000","604458.00000000","603954.00000000","462.98642500","ACTIVE",1642780807717
"XBTZAR",1642781707411,"602348.00000000","602458.00000000","602350.00000000","456.44645900","ACTIVE",1642781707411
"XBTZAR",1642782607597,"604007.00000000","604760.00000000","604974.00000000","461.12574200","ACTIVE",1642782607597
"XBTZAR",1642783507156,"599659.00000000","600736.00000000","599656.00000000","458.14869700","ACTIVE",1642783507156
"XBTZAR",1642784407998,"599999.00000000","600000.00000000","599999.00000000","462.10698700","ACTIVE",1642784407998
"XBTZAR",1642785307304,"595984.00000000","596599.00000000","597013.00000000","463.94674100","ACTIVE",1642785307304
"XBTZAR",1642786207233,"596581.00000000","597117.00000000","596389.00000000","470.76701500","ACTIVE",1642786207233
"XBTZAR",1642787106896,"594976.00000000","595347.00000000","595348.00000000","470.55952800","ACTIVE",1642787106896
"XBTZAR",1642788007600,"595533.00000000","596079.00000000","596079.00000000","474.64980500","ACTIVE",1642788007600
"XBTZAR",1642788907680,"598169.00000000","598240.00000000","598240.00000000","476.25450600","ACTIVE",1642788907680
"XBTZAR",1642789807984,"592450.00000000","592451.00000000","592450.00000000","479.33721200","ACTIVE",1642789807984
"XBTZAR",1642790708174,"595560.00000000","596186.00000000","596187.00000000","485.88209800","ACTIVE",1642790708174
"XBTZAR",1642791607705,"593048.00000000","594173.00000000","594424.00000000","486.37390200","ACTIVE",1642791607705
"XBTZAR",1642792507335,"594067.00000000","594998.00000000","594057.00000000","486.51502800","ACTIVE",1642792507335
"XBTZAR",1642793407238,"592102.00000000","592930.00000000","592941.00000000","486.68856200","ACTIVE",1642793407238
"XBTZAR",1642794307224,"591840.00000000","592433.00000000","592337.00000000","486.40352500","ACTIVE",1642794307224
"XBTZAR",1642795207444,"588544.00000000","588545.00000000","588546.00000000","489.13494900","ACTIVE",1642795207444
"XBTZAR",1642796106462,"582716.00000000","583043.00000000","582717.00000000","489.97893700","ACTIVE",1642796106462
"XBTZAR",1642797006593,"585142.00000000","585799.00000000","585720.00000000","493.30795900","ACTIVE",1642797006593
"XBTZAR",1642797906714,"592693.00000000","593064.00000000","592705.00000000","495.97478100","ACTIVE",1642797906714
"XBTZAR",1642798806888,"594666.00000000","595388.00000000","594664.00000000","497.23797600","ACTIVE",1642798806888
"XBTZAR",1642799706906,"591812.00000000","592566.00000000","592063.00000000","499.33422800","ACTIVE",1642799706906
"XBTZAR",1642800607208,"588144.00000000","588660.00000000","588669.00000000","498.52517100","ACTIVE",1642800607208
"XBTZAR",1642801507234,"580044.00000000","581096.00000000","580044.00000000","497.65833100","ACTIVE",1642801507234
"XBTZAR",1642802407161,"568171.00000000","568818.00000000","568818.00000000","505.63912800","ACTIVE",1642802407161
"XBTZAR",1642803307085,"568906.00000000","569733.00000000","569754.00000000","505.84548800","ACTIVE",1642803307085
"XBTZAR",1642804207088,"572603.00000000","572922.00000000","572603.00000000","504.85225600","ACTIVE",1642804207088
"XBTZAR",1642805107231,"563160.00000000","563500.00000000","563500.00000000","505.50766900","ACTIVE",1642805107231
"XBTZAR",1642806007263,"558220.00000000","558999.00000000","558999.00000000","526.72328000","ACTIVE",1642806007263
"XBTZAR",1642806906317,"563865.00000000","564997.00000000","563868.00000000","530.16643300","ACTIVE",1642806906317
"XBTZAR",1642807806376,"568179.00000000","568580.00000000","568283.00000000","529.62320900","ACTIVE",1642807806376
"XBTZAR",1642808706482,"564179.00000000","564180.00000000","564204.00000000","528.48845600","ACTIVE",1642808706482
"XBTZAR",1642809606844,"564064.00000000","564792.00000000","564628.00000000","530.94310800","ACTIVE",1642809606844
"XBTZAR",1642810506809,"563315.00000000","564197.00000000","563314.00000000","530.57547100","ACTIVE",1642810506809
"XBTZAR",1642811406855,"564072.00000000","564937.00000000","564933.00000000","531.70829000","ACTIVE",1642811406855
"XBTZAR",1642812306946,"566027.00000000","566897.00000000","566900.00000000","530.95590500","ACTIVE",1642812306946
"XBTZAR",1642813207092,"564746.00000000","565832.00000000","565836.00000000","532.45949000","ACTIVE",1642813207092
"XBTZAR",1642814106917,"561009.00000000","561429.00000000","561000.00000000","532.32753100","ACTIVE",1642814106917
"XBTZAR",1642815007231,"561024.00000000","561503.00000000","560399.00000000","535.25408700","ACTIVE",1642815007231
"XBTZAR",1642815907242,"563731.00000000","564993.00000000","565000.00000000","531.81894200","ACTIVE",1642815907242
"XBTZAR",1642816807204,"564611.00000000","565502.00000000","565315.00000000","529.27015400","ACTIVE",1642816807204
"XBTZAR",1642817707185,"564731.00000000","565143.00000000","565299.00000000","529.24847000","ACTIVE",1642817707185
"XBTZAR",1642818607128,"562994.00000000","563201.00000000","562980.00000000","523.74519000","ACTIVE",1642818607128
"XBTZAR",1642819507060,"564479.00000000","565351.00000000","564797.00000000","522.30362700","ACTIVE",1642819507060
"XBTZAR",1642820406587,"565447.00000000","565572.00000000","565573.00000000","520.65235200","ACTIVE",1642820406587
"XBTZAR",1642821306329,"566729.00000000","567489.00000000","566706.00000000","516.66927400","ACTIVE",1642821306329
"XBTZAR",1642822206527,"566087.00000000","567058.00000000","567609.00000000","515.58878900","ACTIVE",1642822206527
"XBTZAR",1642823106551,"559440.00000000","559910.00000000","559915.00000000","502.69231200","ACTIVE",1642823106551
"XBTZAR",1642824006470,"562790.00000000","562910.00000000","562910.00000000","504.05765000","ACTIVE",1642824006470
"XBTZAR",1642824906417,"563550.00000000","564460.00000000","563536.00000000","498.21863800","ACTIVE",1642824906417
"XBTZAR",1642825806276,"562956.00000000","563269.00000000","563378.00000000","493.04255900","ACTIVE",1642825806276
"XBTZAR",1642826706913,"562874.00000000","563589.00000000","562956.00000000","489.82234200","ACTIVE",1642826706913
"XBTZAR",1642827606997,"562430.00000000","562992.00000000","563768.00000000","489.13757400","ACTIVE",1642827606997
"XBTZAR",1642828506769,"563004.00000000","563608.00000000","563552.00000000","486.88185400","ACTIVE",1642828506769
"XBTZAR",1642829406805,"560713.00000000","560985.00000000","560984.00000000","486.12902700","ACTIVE",1642829406805
"XBTZAR",1642830306920,"557247.00000000","557353.00000000","557352.00000000","484.79401400","ACTIVE",1642830306920
"XBTZAR",1642831206950,"552228.00000000","552500.00000000","552228.00000000","488.81025400","ACTIVE",1642831206950
"XBTZAR",1642832107072,"553967.00000000","554358.00000000","554359.00000000","495.25608500","ACTIVE",1642832107072
"XBTZAR",1642854607051,"549501.00000000","549742.00000000","549620.00000000","569.98667400","ACTIVE",1642854607051
"XBTZAR",1642935361725,"558458.00000000","558894.00000000","558441.00000000","316.74917300","ACTIVE",1642935361725
"XBTZAR",1642937281877,"557395.00000000","558176.00000000","558166.00000000","309.85669200","ACTIVE",1642937281877
"XBTZAR",1642937368642,"557369.00000000","558167.00000000","557358.00000000","309.85669200","ACTIVE",1642937368642
"XBTZAR",1642937410125,"557438.00000000","558712.00000000","558718.00000000","307.49263600","ACTIVE",1642937410125
"XBTZAR",1642937416358,"557439.00000000","558099.00000000","558702.00000000","307.32458300","ACTIVE",1642937416358
"XBTZAR",1642938310355,"556289.00000000","556291.00000000","556302.00000000","305.26713200","ACTIVE",1642938310355
"XBTZAR",1642939209613,"556308.00000000","557814.00000000","557814.00000000","295.29844200","ACTIVE",1642939209613
"XBTZAR",1642940763324,"555511.00000000","555512.00000000","555515.00000000","280.07727300","ACTIVE",1642940763324
"XBTZAR",1642941010488,"555007.00000000","555716.00000000","555720.00000000","277.83100300","ACTIVE",1642941010488
"XBTZAR",1642941909703,"554053.00000000","554126.00000000","554126.00000000","274.17244900","ACTIVE",1642941909703
"XBTZAR",1642942810009,"555884.00000000","555995.00000000","555995.00000000","267.73338100","ACTIVE",1642942810009
"XBTZAR",1642943710127,"555292.00000000","555700.00000000","555700.00000000","263.96777300","ACTIVE",1642943710127
"XBTZAR",1642944610173,"557393.00000000","557494.00000000","558342.00000000","257.24387400","ACTIVE",1642944610173
"XBTZAR",1642944670248,"557304.00000000","557482.00000000","557482.00000000","257.24387400","ACTIVE",1642944670248
"XBTZAR",1642944733584,"557132.00000000","557199.00000000","557204.00000000","257.24387400","ACTIVE",1642944733584
