client_timestamp,ask,bid,last,volume,vwap_today,num_trades_today,low_today,high_today
1641501618894,43183.6,43183.5,43183.6,4354.0134253,43107.7187,34448,42424,43748
1641501671177,43159.5,43151.2,43151.1,4358.90452901,43107.77216,34485,42424,43748
1641502930523,43215.1,43215,43215,4399.02987492,43108.49956,34851,42424,43748
1641503793103,43159.4,43159.3,43159.4,4418.29200449,43108.87743,35054,42424,43748
1641503813398,43159.4,43159.3,43159.4,4418.40069472,43108.87867,35059,42424,43748
1641503877426,43182.5,43182.4,43182.5,4427.63394848,43109.03621,35073,42424,43748
1641504371932,43159.4,43159.3,43159.3,4432.19552153,43109.14413,35168,42424,43748
1641504422260,43150.1,43150,43150,4433.30704191,43109.15659,35177,42424,43748
1641505508859,43143.5,43143.4,43150,4460.63749238,43109.18568,35424,42424,43748
1641506407779,43110.1,43110,43110,4484.91915048,43109.22494,35590,42424,43748
1641507309639,43033.2,43032.7,43028.3,4490.65442521,43109.17807,35766,42424,43748
1641508208989,43140.3,43138.7,43140.3,4641.06166403,43109.7334,37547,42424,43748
1641509107362,43114.8,43114.7,43114.8,4753.98618612,43112.15282,38544,42424,43748
1641510007656,43184.9,43184.8,43184.9,4771.81199674,43112.21348,38820,42424,43748
1641510907526,43129,43128.9,43129,4778.15336259,43112.26375,38982,42424,43748
1641511807335,43124.5,43124.4,43124.5,4782.88240493,43112.26076,39122,42424,43748
1641512707674,43206.3,43206.2,43206.3,4789.46502909,43112.29961,39281,42424,43748
1641513607609,43124.5,43124.4,43124.5,0.00013913,43124.5,1,43124.5,43124.5
1641514506595,42928.3,42928.2,42928.3,39.07957099,42995.72756,455,42917.1,43134.9
1641515407095,42903.2,42903.1,42903.1,56.13425785,42966.25497,676,42860.4,43134.9
1641516307929,42769.9,42769.8,42769.9,79.0109363,42921.13659,928,42737.1,43134.9
1641517207314,42770.4,42770.3,42770.4,331.38569493,42783.79469,1322,42676.7,43134.9
1641518107606,42910,42909.9,42910,366.15949661,42799.0781,1629,42676.7,43134.9
1641519007535,42968.4,42968.3,42968.4,369.2625853,42799.56784,1788,42676.7,43134.9
1641519906736,42920,42919.9,42920.6,390.28760644,42809.15122,1934,42676.7,43134.9
1641520807147,42999.8,42999.7,42999.8,400.62791034,42813.94616,2066,42676.7,43134.9
1641521707798,42876.2,42876.1,42876.2,410.4555968,42816.49824,2203,42676.7,43134.9
1641522607084,42945.1,42944.4,42927.4,416.77675471,42817.82932,2342,42676.7,43134.9
1641523507584,42800.1,42800,42800.1,427.28411748,42818.51242,2490,42676.7,43134.9
1641524407080,42778.2,42778.1,42772.6,431.36979524,42818.36284,2615,42676.7,43134.9
1641525307295,42758.9,42758.8,42774.3,469.00429993,42812.38468,2959,42676.7,43134.9
1641526207645,42278.7,42265.2,42263.8,707.44908601,42662.0325,4929,42119.4,43134.9
1641527107102,41845.3,41844.2,41837.1,1076.57266544,42420.41735,7277,41593.2,43134.9
1641528007736,41800.1,41800,41800.1,1171.17478887,42375.90316,7822,41593.2,43134.9
1641528907109,41736.6,41727.7,41761.5,1318.74259284,42307.47302,9016,41593.2,43134.9
1641529807001,41412.6,41412.5,41427.2,1496.22415322,42197.16195,10189,41238.4,43134.9
1641530707431,41417.6,41417.5,41410.3,1606.47911474,42129.85142,11188,41005,43134.9
1641531607749,41700,41699.9,41690,1657.52357711,42114.37393,11625,41005,43134.9
1641532506683,41736.5,41721.1,41736.5,1696.95323619,42103.69757,11902,41005,43134.9
1641533407451,41801.6,41801.5,41801.6,1829.58991243,42079.7915,12213,41005,43134.9
1642175109386,42961,42960.9,42961,1557.9377117,42586.57784,15482,41800,43384
1642176006422,43096.8,43096.7,43096.8,1617.64399216,42602.84818,15882,41800,43384
1642176907334,42972.6,42972.5,42972.5,1709.58410037,42623.85199,16432,41800,43384
1642177807565,43015.7,43015.6,43015.7,1721.01129407,42626.1968,16676,41800,43384
1642178706671,43143.9,43143.8,43137.4,1808.34631012,42650.97177,17107,41800,43384
1642179607150,43207.1,43207,43207.1,1852.02654278,42664.05657,17334,41800,43384
1642180507668,43143.4,43143.3,43150,1877.97764075,42671.41301,17636,41800,43384
1642181407192,43093.7,43093.6,43093.7,1903.45428885,42677.36913,17900,41800,43384
1642182307490,42950.9,42950.8,42950.9,1935.45338129,42682.09514,18202,41800,43384
1642183206977,42910,42908,42914.9,1959.28368205,42685.04661,18405,41800,43384
1642184107427,42919.2,42917.4,42907.1,1994.12226848,42689.06057,18691,41800,43384
1642185007328,42847.4,42847.3,42847.4,2004.51659415,42689.91757,18940,41800,43384
1642185907536,42970,42969.9,42970,2020.32047519,42691.51863,19169,41800,43384
1642186806363,43075.3,43075.2,43075.3,2069.43261964,42699.89328,19505,41800,43384
1642187707559,43165.2,43165.1,43165.2,2086.04835722,42703.15873,19760,41800,43384
1642188606994,43132.4,43132.3,43132.4,2115.67408718,42708.86277,19978,41800,43384
1642189507321,43190,43189.9,43190,2169.0678093,42723.07263,20382,41800,43388
1642190407843,43115.1,43115,43115.1,2303.23027341,42752.404,20699,41800,43388
1642191306724,43078.5,43075.8,43078.5,2357.7485104,42761.54642,20965,41800,43388
1642192207621,43071.6,43071.5,43071.6,2365.86817439,42762.70811,21128,41800,43388
1642193106630,43123.6,43123.5,43123.6,2427.38412851,42770.82214,21368,41800,43388
1642194006815,43118.1,43118,43132.1,2439.22398627,42772.5534,21551,41800,43388
1642194907110,43276.1,43276,43276.1,2461.09895619,42776.71899,21765,41800,43388
1642195807018,43208.4,43208.3,43208.4,2493.22946085,42783.01591,21969,41800,43388
1642196707106,43288.8,43285,43299.7,2531.06081584,42790.62626,22221,41800,43388
1642197608187,43325.1,43325,43325.1,2564.3906123,42798.14451,22576,41800,43473.1
1642198507204,43320.1,43320,43325.1,2614.01460565,42807.80841,22823,41800,43473.1
1642199406942,43238.5,43235.6,43238,2626.09226575,42809.9697,22988,41800,43473.1
1642200307187,43270.6,43270.5,43270.6,2655.4719709,42814.67259,23126,41800,43473.1
1642201207445,43290.8,43289,43330,2659.93064119,42815.55213,23279,41800,43473.1
1642202107536,43273,43272.9,43273.1,2663.33905624,42816.13739,23453,41800,43473.1
1642203006784,43109.5,43109.4,43109.5,2679.28031687,42818.07092,23841,41800,43473.1
1642203906676,43063.6,43063.5,43063.6,2708.56055097,42821.06066,24012,41800,43473.1
1642204806965,43090.1,43090,43090,0.01016004,43090.00137,4,43090,43090.1
1642205706623,43035.7,43035.6,43037.4,13.70038691,43060.95534,397,42963.1,43170
1642206607395,43082.4,43082.3,43082.3,19.53361193,43062.4016,629,42963.1,43170
1642207507251,43020.8,43020.7,43020.8,29.2058492,43074.09789,793,42963.1,43170
1642208407359,43145.4,43145.3,43145.4,31.04310994,43075.15613,930,42963.1,43170
1642209307228,43142.4,43142.3,43142.4,40.81417423,43093.83712,1061,42963.1,43178.9
1642210207333,43077.5,43077.4,43077.5,57.20878317,43101.36196,1233,42963.1,43178.9
1642211107461,42919.2,42919.1,42919.2,79.06309147,43075.35646,1475,42883.5,43178.9
1642212007472,42991.7,42991.6,42991.7,81.66405685,43071.7813,1605,42883.5,43178.9
1642212907235,43016,43015.9,43016,84.49463688,43069.21416,1713,42883.5,43178.9
1642213806958,43035.2,43035.1,43035.2,91.6211461,43066.54571,1839,42883.5,43178.9
1642214707359,43069.1,43069,43073.2,93.51493415,43066.40999,1954,42883.5,43178.9
1642215607169,43100,43099.9,43099.7,100.12956465,43065.73676,2110,42883.5,43178.9
1642216507318,43100,43099.9,43099.9,116.01746416,43071.37292,2254,42883.5,43178.9
1642217407248,43128.7,43128.6,43128.7,129.93215496,43073.6547,2429,42883.5,43178.9
1642218307433,43058.2,43058.1,43058.1,134.87157975,43073.89899,2561,42883.5,43178.9
1642219207475,42954.6,42954.5,42954.6,138.83286522,43072.36891,2704,42883.5,43178.9
1642220107471,42967.4,42967.3,42967.4,147.75752603,43064.62172,2875,42883.5,43178.9
1642221007443,42846,42845.9,42846,177.68660911,43027.70715,3253,42746.8,43178.9
1642221907514,42870.6,42870.5,42870.6,183.03866485,43022.63818,3411,42746.8,43178.9
1642222806836,42925.2,42923.6,42941,221.03903375,43009.39209,3625,42746.8,43178.9
1642223707031,42897.2,42897.1,42897.2,221.83371001,43009.11692,3730,42746.8,43178.9
1642224607165,42985.7,42985.6,42985.7,223.25291655,43008.48397,3841,42746.8,43178.9
1642225507181,42971.7,42971.6,42971.7,226.88056593,43008.17594,3970,42746.8,43178.9
1642226406839,43034.8,43034.7,43034.8,237.98768361,43009.24435,4136,42746.8,43178.9
1642227306599,42941.1,42941,42941.1,240.17334931,43009.11421,4236,42746.8,43178.9
1642228206800,43029.8,43029.7,43029.8,241.86215505,43009.04131,4342,42746.8,43178.9
1642229107456,43012.7,43008.5,43010.4,243.89688449,43008.74258,4471,42746.8,43178.9
1642230006984,43116.3,43116.2,43116.3,245.65226931,43009.29716,4566,42746.8,43178.9
1642230907006,43020,43019.9,43020.1,252.60648392,43010.24175,4702,42746.8,43178.9
1642231806983,43000.3,43000.2,43000.3,253.2744024,43010.29692,4815,42746.8,43178.9
1642232707116,43024.1,43024,43024,254.44968723,43010.33054,4904,42746.8,43178.9
1642233607249,43106,43102.3,43102.6,255.68198042,43010.44879,5020,42746.8,43178.9
1642234507282,43106.4,43106,43106.8,260.63643499,43012.1273,5140,42746.8,43178.9
1642235407528,43048.9,43048.8,43048.8,261.31723384,43012.27942,5232,42746.8,43178.9
1642236307194,43058.7,43058.6,43058.7,262.08877487,43012.41919,5302,42746.8,43178.9
1642237207120,43000.1,43000,43005.1,263.57781125,43012.62056,5401,42746.8,43178.9
1642238107183,43030.1,43030,43030,273.29980769,43012.23366,5533,42746.8,43178.9
1642239007444,42950.1,42950,42950.1,275.75090087,43012.14197,5656,42746.8,43178.9
1642239907467,42917.3,42917.2,42917.3,280.10199894,43010.74986,5773,42746.8,43178.9
1642240806850,43078.6,43078.5,43078.6,317.84642052,43001.26508,5955,42746.8,43178.9
1642241706752,43235.3,43232.8,43238.6,343.94287138,43011.50702,6178,42746.8,43238.6
1642242606881,43250.9,43250.8,43250.9,347.2275153,43013.67425,6290,42746.8,43301.4
1642243507274,43129.5,43129.4,43129.5,354.24242615,43016.33829,6388,42746.8,43301.4
1642244407318,43122.1,43121.9,43124.4,355.20950194,43016.72344,6478,42746.8,43301.4
1642245307176,43094.5,43094.4,43094.5,355.85207197,43016.83086,6565,42746.8,43301.4
1642246207260,43082.5,43082.4,43082.5,358.71221534,43017.39326,6657,42746.8,43301.4
1642247107499,43050.1,43050,43050.1,362.19944333,43017.759,6731,42746.8,43301.4
1642248007522,43022,43021.9,43022,364.3350522,43017.98029,6824,42746.8,43301.4
1642248906667,43012.1,43012,43012.1,372.00647166,43017.30368,6950,42746.8,43301.4
1642249806705,42955.7,42955.6,42955.7,374.17105107,43017.18933,7057,42746.8,43301.4
1642250706536,42725.5,42724.6,42725.6,399.59736902,43002.27096,7434,42668.1,43301.4
1642251606532,42721.3,42721.2,42712.6,420.74794084,42984.73529,7797,42600,43301.4
1642252506871,42802.7,42799.6,42815.5,427.71064466,42980.70963,7992,42600,43301.4
1642253406977,42894.7,42892.3,42888,432.10691183,42979.04515,8126,42600,43301.4
1642254307008,42944.6,42944.5,42944.5,435.54798019,42978.53068,8261,42600,43301.4
1642255206868,42932.5,42932.4,42932.5,441.4168687,42977.86118,8416,42600,43301.4
1642256107070,42907.9,42907.8,42907.9,444.64415134,42977.48844,8566,42600,43301.4
1642257007606,42964.9,42964.8,42964.9,449.81803677,42976.3454,8738,42600,43301.4
1642257910349,43221.6,43221.5,43221.6,504.07366664,42989.67369,9135,42600,43301.4
1642258807548,43227.9,43227.8,43219.3,513.27856077,42993.51663,9467,42600,43313.3
1642259707018,43216.2,43216.1,43216.2,522.22381215,42996.81409,9669,42600,43313.3
1642260609381,43195,43194.9,43195,549.78337789,43004.07773,9872,42600,43313.3
1642261507234,43314.2,43314.1,43314.2,557.33873046,43007.68572,10056,42600,43359.2
1642262407212,43424.6,43424.5,43424.6,571.12338591,43016.55563,10330,42600,43424.6
1642263307480,43371.6,43371.5,43371.6,612.3180058,43038.31353,10578,42600,43432.3
1642264206882,43310.3,43310.2,43304.1,619.02411705,43041.39053,10760,42600,43432.3
1642265106609,43321.1,43321,43321.1,623.15551266,43043.36787,10893,42600,43432.3
1642266006758,43362,43361.9,43362,627.77300508,43045.54345,11057,42600,43432.3
1642266906851,43330.3,43330.2,43330.2,651.43415565,43055.60087,11268,42600,43432.3
1642267806636,43420,43419.9,43420,656.68908188,43058.24584,11484,42600,43455.9
1642268706483,43461.1,43461,43461.1,661.05439005,43060.60004,11652,42600,43462.1
1642269607689,43398.6,43398.5,43398.5,724.74046044,43096.96698,12078,42600,43565.3
1642270506473,43292.9,43292.8,43292.9,764.26856201,43106.70496,12337,42600,43565.3
1642271407446,43300.7,43300.6,43300.7,769.05115125,43108.00249,12509,42600,43565.3
1642272306484,43380.8,43380.7,43388.6,771.53614662,43108.74574,12656,42600,43565.3
1642274106781,43415.1,43415,43415,776.41330331,43110.42439,12967,42600,43565.3
1642275007083,43416.3,43415.8,43414.6,779.92797131,43111.78156,13140,42600,43565.3
1642275907144,43480,43479.9,43480,782.82041041,43113.0411,13323,42600,43565.3
1642276807149,43540,43539.9,43539.9,793.71521348,43118.20639,13536,42600,43565.3
1642277707254,43697.9,43697.8,43698.3,831.70393056,43142.34448,14039,42600,43776
1642278607528,43743.3,43743.2,43753.2,842.96189976,43149.8384,14252,42600,43791.6
1642279506806,43620.8,43620.7,43620.8,849.7906123,43153.82144,14448,42600,43791.6
1642280406900,43515.3,43515.2,43515.3,856.19971605,43157.05321,14641,42600,43791.6
1642281307011,43468.5,43468.4,43468.5,859.92051319,43158.47373,14846,42600,43791.6
1642282207124,43387.9,43387.8,43387.9,871.56142083,43161.52335,15102,42600,43791.6
1642283107198,43263.9,43258.9,43270.6,888.35347798,43164.60685,15574,42600,43791.6
1642284007328,43350.5,43350.4,43350.5,902.94667665,43166.67023,15816,42600,43791.6
1642284907376,43399.7,43399.6,43399.2,920.18370475,43169.31735,16049,42600,43791.6
1642285807286,43183.5,43183.4,43183.5,925.90541503,43170.02622,16251,42600,43791.6
1642286707192,43218.1,43216.8,43218.1,928.50788203,43170.11127,16359,42600,43791.6
1642287607113,43263.6,43263.5,43263.5,934.60971609,43170.58696,16489,42600,43791.6
1642288507048,43350,43349.9,43349.9,952.60286641,43173.51218,16689,42600,43791.6
1642289406924,43266.7,43266.6,43266.7,954.1299813,43173.75991,16797,42600,43791.6
1642290307042,43147.1,43147,43147.1,971.84785849,43173.36061,17027,42600,43791.6
1642291206934,43106.2,43106.1,43106.2,0.00649406,43106.40013,4,43106.1,43111.5
1642292107150,43019.9,43019.8,43019.9,15.1168958,43067.22323,368,43018.9,43118.1
1642293007127,43095.3,43095.2,43095.2,24.39573828,43075.44143,524,43018.9,43118.1
1642293906898,43038.1,43038,43038.1,25.67352588,43076.69541,662,43018.9,43126.8
1642294806708,43097.3,43095.9,43095.2,27.63959047,43076.16741,798,43018.9,43126.8
1642295706542,43046.7,43046.6,43055.1,33.10684753,43081.65312,938,43018.9,43163.9
1642296606412,43081.2,43081.1,43081.2,40.67276381,43076.21021,1074,43017.1,43163.9
1642297507238,43089.7,43089.6,43089.7,49.51146984,43077.42503,1184,43017.1,43163.9
1642298407217,43047.5,43047.4,43047.5,70.21866197,43076.7737,1343,43017.1,43163.9
1642299307185,43050.6,43050.5,43050.6,71.38090323,43076.29209,1442,43017.1,43163.9
1642300207183,43050.7,43050.6,43050.6,73.06531077,43076.35288,1561,43017.1,43163.9
1642301107023,43010.6,43010.5,43010.5,74.83631707,43076.13371,1664,43003.9,43163.9
1642302006691,42939.1,42939,42939.1,92.86793462,43054.63299,1890,42901,43163.9
1642302906657,42944.9,42944.8,42944.8,106.93672509,43038.03641,2031,42901,43163.9
1642303806537,43007,43006.9,43006.9,107.25467311,43037.88402,2103,42901,43163.9
1642304706348,43021.9,43021.8,43021.8,108.92411275,43037.12868,2178,42901,43163.9
1642305607208,43028.2,43028.1,43028.2,111.85911556,43036.72882,2291,42901,43163.9
1642306506818,43064.3,43064.2,43064.3,175.55964507,43019.32042,2499,42901,43163.9
1642307406334,43009.3,43009.2,43009.2,227.24650693,43035.17916,2656,42901,43163.9
1642308307390,43057.6,43057.5,43057.6,228.24782399,43035.20925,2718,42901,43163.9
1642309207313,43070,43069.9,43070,253.01563228,43036.62244,2856,42901,43163.9
1642310107386,43117.9,43117.8,43117.9,256.71477376,43037.5143,2941,42901,43163.9
1642311007219,43116,43115.9,43115.9,260.23433942,43038.69256,3039,42901,43163.9
1642347908659,43245.5,43244.9,43244.9,688.80594774,43069.72789,9157,42614.9,43434.4
1642348807027,43250.3,43250.2,43247.1,712.0058681,43076.52652,9403,42614.9,43434.4
1642349706975,43290.6,43290.5,43290.6,716.60681728,43077.78738,9546,42614.9,43434.4
1642350606887,43431.5,43431.4,43425.3,728.99780331,43083.09806,9749,42614.9,43463.8
1642351506936,43388.9,43388.8,43388.9,771.38423062,43098.8357,9961,42614.9,43463.8
1642352407234,43415,43414.9,43415,780.72087923,43102.56105,10107,42614.9,43463.8
1642353307713,43350.8,43350.7,43350.8,784.18912192,43103.89417,10271,42614.9,43463.8
1642354207154,43315.2,43315.1,43315.1,786.64807173,43104.59568,10395,42614.9,43463.8
1642355107317,43218.3,43218.2,43218.3,788.15470619,43104.94352,10518,42614.9,43463.8
1642356007287,43104.7,43104.6,43120.6,829.87851194,43105.50072,10831,42614.9,43463.8
1642356907175,43108.6,43108.5,43108.6,899.76351884,43109.8485,11090,42614.9,43463.8
1642357806986,43072.5,43072.4,43072.3,900.67137154,43109.8442,11198,42614.9,43463.8
1642358706807,43052.4,43052.3,43052.4,910.8038418,43109.21637,11401,42614.9,43463.8
1642359607154,43088.3,43088.2,43088.4,917.41776671,43109.14621,11538,42614.9,43463.8
1642360506901,42930.8,42930.7,42930.8,930.54394364,43107.54333,11742,42614.9,43463.8
1642361406623,42943.2,42943.1,42943.2,949.05414393,43104.60367,11965,42614.9,43463.8
1642362307555,42905.9,42905.8,42905.9,951.37210951,43104.19367,12133,42614.9,43463.8
1642363206614,42845.4,42845.3,42845.4,972.62620752,43099.50097,12390,42614.9,43463.8
1642364106822,43000,42999.9,43000,1059.3985354,43074.93279,13038,42614.9,43463.8
1642365006571,43030.7,43030.6,43030.7,1062.24173018,43074.75809,13200,42614.9,43463.8
1642365906473,43098.2,43098.1,43089.8,1065.27301239,43074.58994,13309,42614.9,43463.8
1642366806555,43058.7,43057.2,43056.3,1070.13130718,43074.67166,13497,42614.9,43463.8
1642367706464,42977.6,42977.5,42977.6,1118.24535791,43074.9117,13653,42614.9,43463.8
1642368606503,42985.8,42985.7,42985.8,1119.55858727,43074.80355,13756,42614.9,43463.8
1642369506321,42970.9,42970.8,42970.8,1123.27176221,43074.44198,13853,42614.9,43463.8
1642370407233,42986.2,42986.1,42986.1,1126.176689,43074.23481,13987,42614.9,43463.8
1642371307360,43215.6,43215.5,43212,1130.90603583,43074.44141,14187,42614.9,43463.8
1642372207398,43208.5,43208.4,43208.5,1145.51759691,43076.15204,14337,42614.9,43463.8
1642373107507,43208.6,43208.5,43208.5,1147.63969645,43076.42247,14430,42614.9,43463.8
1642374007389,43225,43224.9,43225,1150.52030471,43076.73103,14580,42614.9,43463.8
1642374907387,43254.4,43254.3,43254.4,1155.13614448,43077.2983,14709,42614.9,43463.8
1642375807280,43220.2,43220.1,43220.2,1157.24670675,43077.54597,14803,42614.9,43463.8
1642376707048,43146.1,43146,43148.1,1160.06205144,43077.85433,14911,42614.9,43463.8
1642377607312,43114.5,43114.4,43114.5,0.00013916,43114.5,1,43114.5,43114.5
1642378507301,43145,43144.9,43144.9,5.52040842,43159.18836,217,43091.4,43200.6
1642379407415,43009.5,43009.4,43009.5,31.06693394,43051.66834,460,42959.1,43200.6
1642380307515,43043.6,43043.5,43043.6,35.07264873,43049.26768,545,42959.1,43200.6
1642381207357,42921.3,42921.2,42921.3,38.15407215,43044.59194,694,42914.6,43200.6
1642382107431,42885.4,42885.3,42885.3,43.95460675,43026.97142,834,42885.3,43200.6
1642383007331,42932.7,42931.2,42930.1,49.413031,43013.87597,963,42850.1,43200.6
1642383907266,42860.3,42860.2,42859.1,60.19371874,42987.44159,1085,42850.1,43200.6
1642384807447,42907.9,42907.8,42907.2,62.63468387,42982.9037,1185,42850,43200.6
1642385707323,42842.8,42842.7,42842.8,67.51819137,42976.44993,1345,42818,43200.6
1642386607434,42926.8,42926.7,42926.5,79.43032313,42960.3948,1473,42818,43200.6
1642387507226,42897.5,42897.4,42897.5,92.14171527,42948.00544,1649,42818,43200.6
1642388406822,42951.2,42951.1,42951.2,97.19079433,42947.05722,1778,42818,43200.6
1642389306670,42936.7,42936.6,42939.1,107.05314397,42950.25061,1938,42818,43200.6
1642390206789,42790.8,42790.7,42790.7,210.52637213,42925.95075,2252,42787.1,43200.6
1642391106307,42736.6,42736.5,42736.6,229.2417644,42909.45737,2481,42693.2,43200.6
1642392006991,42659.1,42659,42659,247.40197775,42895.24149,2709,42659,43200.6
1642392906943,42743.6,42743.5,42739.1,257.25558081,42887.61331,2878,42659,43200.6
1642393806925,42786.9,42786.5,42790,263.98368888,42885.09081,2979,42659,43200.6
1642394706889,42691.3,42691.2,42681.4,269.95788393,42880.78569,3110,42659,43200.6
1642395606700,42622.2,42621.7,42621.8,287.66241438,42866.75546,3241,42621.8,43200.6
1642396506661,42412.2,42412.1,42412.1,334.58441581,42810.8667,3734,42350,43200.6
1642397406614,42577.9,42577.8,42577.8,355.33885397,42793.24988,3892,42350,43200.6
1642398307550,42611.8,42611.7,42611.7,355.93254575,42792.92751,3957,42350,43200.6
1642399206624,42686.8,42686.7,42686.7,366.90645219,42787.7639,4099,42350,43200.6
1642400106854,42706.1,42706,42704.2,377.52560443,42785.87242,4239,42350,43200.6
1642401007465,42854.3,42854.2,42854.3,386.32551478,42786.34973,4618,42350,43200.6
1642401907577,42826.8,42826.7,42826.8,393.09435155,42787.25021,4704,42350,43200.6
1642402807166,42777.1,42777,42777.1,393.38577031,42787.27522,4773,42350,43200.6
1642403707859,42892.3,42892.2,42892.2,396.36719373,42787.47919,4918,42350,43200.6
1642404607481,42887.2,42887.1,42887.2,412.26495936,42791.04662,5012,42350,43200.6
1642405508500,42788.5,42788.4,42788.4,419.6523569,42792.02732,5111,42350,43200.6
1642406407470,42689.2,42689.1,42689.2,422.2018449,42791.90991,5203,42350,43200.6
1642407307740,42771.9,42771.8,42771.9,424.64773279,42791.23219,5343,42350,43200.6
1642408207453,42688.3,42688.2,42688.6,428.45529535,42790.51037,5460,42350,43200.6
1642409106835,42851.9,42851.8,42851.9,431.90636927,42790.48569,5555,42350,43200.6
1642410007490,42827.4,42823.3,42834.8,436.12067218,42791.16066,5664,42350,43200.6
1642410907102,42870.1,42870,42885.5,436.95557116,42791.27013,5750,42350,43200.6
1642411807943,42775.9,42775.8,42773.3,439.68846376,42791.4637,5850,42350,43200.6
1642412707292,42853.4,42853.3,42844.6,442.2712431,42791.77465,5933,42350,43200.6
1642413607696,42892.1,42892,42892.1,444.60125481,42792.15395,6014,42350,43200.6
1642414507100,42899.7,42899.6,42899.6,451.08777726,42793.11848,6127,42350,43200.6
1642415491698,42794.1,42794,42794,457.76815303,42793.84201,6276,42350,43200.6
1642416307401,42741.7,42741.6,42741.6,461.90856562,42793.63754,6369,42350,43200.6
1642417208190,42810.1,42810,42810.1,466.34506989,42793.29461,6505,42350,43200.6
1642418107968,42808.2,42808.1,42808.1,467.81935148,42793.37518,6570,42350,43200.6
1642419008010,42755.2,42755.1,42755.1,475.29277437,42793.38964,6671,42350,43200.6
1642419907762,42704,42703.9,42704,483.17958862,42792.25888,6792,42350,43200.6
1642420807106,42689.6,42689.5,42692.1,487.56415735,42791.75244,6921,42350,43200.6
1642421707163,42579.4,42579.3,42579.3,495.85932202,42788.71622,7119,42350,43200.6
1642422607255,42737.1,42737,42737.1,507.91213884,42783.47742,7377,42350,43200.6
1642423507932,42650.7,42650.6,42650.7,515.16022382,42782.91874,7505,42350,43200.6
1642424407274,42566.1,42566,42569.8,582.23000668,42761.47864,7735,42350,43200.6
1642425307337,42624,42623.9,42624,591.25876127,42758.80783,7859,42350,43200.6
1642426207481,42600.1,42600,42600.1,595.14494922,42758.13525,7973,42350,43200.6
1642427107262,42606.9,42606.8,42606.8,601.66689801,42756.8154,8096,42350,43200.6
1642428007077,42668.8,42668.7,42668.7,609.19255022,42755.01191,8238,42350,43200.6
1642428907387,42622.1,42622,42622.1,611.2955514,42754.71385,8331,42350,43200.6
1642429807557,42732.3,42730.8,42733.3,617.47479687,42754.17842,8439,42350,43200.6
1642430706577,42720,42719.9,42712.8,619.4841101,42753.99599,8531,42350,43200.6
1642431606916,42689.2,42686.5,42684.3,626.6898778,42752.66525,8719,42350,43200.6
1642432506736,42554.7,42554.6,42552.5,639.07392366,42748.44783,8961,42350,43200.6
1642433406894,42637.2,42637.1,42637.2,643.581723,42747.45121,9107,42350,43200.6
1642434306867,42640.7,42640.6,42640.7,650.03009589,42745.80702,9241,42350,43200.6
1642435206729,42491,42490.9,42491,653.93201021,42744.58803,9385,42350,43200.6
1642436106769,42234.6,42233,42233,704.47808042,42714.50099,9788,42233,43200.6
1642437007069,42366.2,42360.4,42360.4,723.71290344,42704.50261,10084,42193.1,43200.6
1642437907446,42323.7,42321.8,42331.3,737.027349,42696.98909,10291,42193.1,43200.6
1642438807408,42242.8,42242.7,42242.8,753.58773233,42686.78665,10507,42193.1,43200.6
1642439707611,42090.4,42086.3,42091.1,814.03269918,42648.20724,10853,42083.1,43200.6
1642440606807,42056.2,42056.1,42064.8,855.18413234,42623.05837,11100,42056.2,43200.6
1642441506665,42216.9,42216.8,42216.8,904.46479462,42595.47775,11464,42000,43200.6
1642442406741,42125.5,42125.4,42121.7,920.30423116,42587.86369,11647,42000,43200.6
1642443306886,42000,41999.9,42000,997.47860776,42542.87774,12064,41991,43200.6
1642444206668,42000,41999.9,42000,1029.10384539,42524.51951,12500,41845.5,43200.6
1642445106736,42091.9,42091.8,42091.9,1062.06367431,42509.67173,12801,41845.5,43200.6
1642446006799,42202.7,42202.6,42202.7,1082.72348548,42501.91841,13093,41845.5,43200.6
1642446906742,42270.1,42270,42270.1,1099.83851746,42497.35305,13323,41845.5,43200.6
1642447806775,42216.4,42216.3,42216.4,1140.08595765,42487.1943,13590,41845.5,43200.6
1642448706479,42283.2,42283.1,42283.2,1176.27479582,42480.30409,13815,41845.5,43200.6
1642449607388,42279.3,42279.2,42279.3,1248.73543208,42468.82747,14139,41845.5,43200.6
1642450507215,42224,42223.9,42224,1267.00271187,42465.94582,14353,41845.5,43200.6
1642451407140,42209.7,42209.6,42209.7,1291.40018409,42461.76221,14536,41845.5,43200.6
1642452307286,42132.9,42132.8,42132.7,1297.23703596,42460.3031,14715,41845.5,43200.6
1642453207401,42118.8,42118.7,42118.8,1304.42110619,42458.51334,14889,41845.5,43200.6
1642454107384,42062.6,42060.2,42058.5,1317.26240564,42455.01591,15142,41845.5,43200.6
1642455007424,41814,41810,41810,1353.15387634,42442.65153,15560,41810,43200.6
1642455906361,41668,41665.5,41665.4,1506.22459539,42371.3934,16290,41639.2,43200.6
1642456807296,41752.3,41752.2,41752.3,1542.08551862,42355.25343,16563,41636.4,43200.6
1642457707415,41674.6,41674.5,41680.9,1553.92023324,42350.27944,16849,41636.4,43200.6
1642458607373,41800,41799.9,41800,1606.32616498,42328.25524,17278,41579.2,43200.6
1642459507200,42265.5,42265.4,42272,1643.21814493,42322.87375,17894,41579.2,43200.6
1642460406905,42100.1,42100,42100.1,1654.91448863,42321.61243,18094,41579.2,43200.6
1642461306472,42207.7,42200.3,42213.4,1662.38495569,42320.90189,18273,41579.2,43200.6
1642462207334,42191,42190.8,42186.6,1670.29234808,42320.17539,18395,41579.2,43200.6
1642463107143,42215.8,42213.9,42214.9,1673.37011057,42319.94665,18486,41579.2,43200.6
1642464007008,42225.1,42219.9,42219.9,0.06313529,42225.74333,13,42219.9,42248
1642464906749,42304.5,42304.4,42304.4,35.35804481,42278.02889,386,42161.7,42340.8
1642465806553,42298.2,42298.1,42298.2,40.71531524,42287.37937,517,42161.7,42399.7
1642466706660,42320.6,42316.7,42302.7,41.72204922,42287.6031,639,42161.7,42399.7
1642467606585,42396.5,42396.4,42396.4,44.79824646,42293.65991,741,42161.7,42401.5
1642468507234,42423.5,42423.4,42423.5,47.69471609,42298.21684,855,42161.7,42425.4
1642469407049,42363.7,42363.6,42363.7,49.85783728,42301.51072,954,42161.7,42425.4
1642470306943,42287.3,42287.2,42281.5,53.40626201,42302.62929,1052,42161.7,42425.4
1642471206953,42293.4,42290,42293.4,74.60226383,42278.90824,1229,42161.7,42425.4
1642472106456,42236.2,42236.1,42225.5,78.61915465,42276.87565,1314,42161.7,42425.4
1642473007190,42190.1,42190,42185.4,89.00757044,42270.25543,1409,42161.7,42425.4
1642473906747,42301.1,42301,42301,90.68633527,42270.02718,1494,42161.7,42425.4
1642474807218,42299,42298.9,42299,100.15073741,42268.77312,1573,42161.7,42425.4
1642475707074,42246.9,42244.1,42252.1,101.18298538,42268.9206,1699,42161.7,42425.4
1642476606680,42183.6,42183.5,42190.8,106.44029919,42265.38361,1817,42161.7,42425.4
1642477507507,42034.1,42034,42034,136.96868681,42229.61913,2140,42033,42425.4
1642478407485,42051.3,42051,42057.3,146.25129363,42217.05212,2334,41975.6,42425.4
1642479307390,42042.8,42042.7,42034.8,148.54365268,42214.63694,2450,41975.6,42425.4
1642480207302,42011,42010.9,42011,154.1224084,42206.41065,2568,41933.8,42425.4
1642481107137,42094.9,42094.8,42094.9,168.32169058,42190.49112,2692,41933.8,42425.4
1642482007004,42073.4,42073.3,42073.4,171.7205623,42187.93576,2774,41933.8,42425.4
1642482906758,42201.2,42201.1,42201.2,173.38417089,42186.90565,2858,41933.8,42425.4
1642483806585,42155.1,42155,42155.1,176.61264314,42186.19845,2925,41933.8,42425.4
1642484706524,42119,42118.9,42119,233.64917957,42185.18488,3072,41933.8,42425.4
1642485607382,42159.1,42159,42166.8,234.69440293,42185.04344,3143,41933.8,42425.4
1642486507391,42250,42249.9,42250,240.29700656,42185.66848,3245,41933.8,42425.4
1642487407523,42303.9,42303.8,42303.8,266.31860737,42194.67342,3385,41933.8,42425.4
1642488306504,42274.2,42273.2,42296.1,267.33478353,42195.03204,3443,41933.8,42425.4
1642489207394,42255.8,42255.7,42262.4,268.77768938,42195.68224,3535,41933.8,42425.4
1642490107405,42150.3,42150.2,42150.3,291.65157628,42200.69319,3637,41933.8,42425.4
1642491009194,42038,42037.9,42037.9,298.04770864,42197.71643,3764,41933.8,42425.4
1642491906967,42007.8,42007.7,42000,300.26288132,42196.27792,3848,41933.8,42425.4
1642492807541,42069.1,42069,42069,302.60017576,42195.15917,3919,41933.8,42425.4
1642493706449,41882.7,41882.6,41885.6,310.03452737,42188.32,4130,41800,42425.4
1642494607496,41780.7,41780.6,41780.7,330.97337357,42168.42565,4327,41780.7,42425.4
1642495507412,41808,41807.9,41808,339.2655908,42159.53176,4483,41766.2,42425.4
1642496407388,41737.6,41737.5,41737.6,355.93075282,42142.62636,4722,41666,42425.4
1642497307495,41691,41690.9,41691,362.31786833,42134.95232,4868,41666,42425.4
1642498206637,41812.3,41810.9,41805,443.1818817,42029.67884,5580,41403,42425.4
1642499106409,41916.7,41916.6,41915.2,516.14781963,42006.63883,5977,41403,42425.4
1642500007399,41910.2,41910.1,41910.2,532.94513888,42005.21087,6133,41403,42425.4
1642500907351,42000,41999.9,42000,538.80792117,42004.72585,6240,41403,42425.4
1642501807177,41980,41979.9,41980,544.98315867,42004.35603,6363,41403,42425.4
1642502707221,42061.6,42061.5,42061.6,560.50217961,42004.27738,6508,41403,42425.4
1642503607664,41966.3,41966.2,41966.3,568.46084821,42004.15265,6605,41403,42425.4
1642504506798,41907.9,41907.8,41907.9,572.55818347,42003.41243,6751,41403,42425.4
1642505406944,41836.3,41834.8,41831.5,579.56231887,42001.11447,6877,41403,42425.4
1642506307024,41750,41749.9,41749.9,582.80893591,41999.80824,6980,41403,42425.4
1642507207076,41863.6,41860.7,41858.4,589.34515559,41998.01618,7106,41403,42425.4
1642508107309,41784,41782.1,41783.3,604.09143443,41994.88894,7278,41403,42425.4
1642509007441,41771.6,41771.5,41773.9,624.44958088,41986.31432,7455,41403,42425.4
1642509906783,41688.5,41688.4,41688.5,632.48203772,41982.89314,7589,41403,42425.4
1642510807073,41788.9,41788.8,41788.9,651.333989,41974.93816,7757,41403,42425.4
1642511706722,41650.4,41650.3,41650.4,659.51026797,41971.36348,7921,41403,42425.4
1642512606768,41455.8,41455.7,41455.8,706.50444958,41943.70481,8469,41403,42425.4
1642513506675,41501.7,41501.6,41500.1,747.29869675,41920.51143,8776,41403,42425.4
1642514406846,41675,41674.9,41671.6,764.15104257,41913.93445,8961,41403,42425.4
1642515306884,41551.2,41550.9,41555.4,771.3865165,41911.06182,9143,41403,42425.4
1642516208943,41561.8,41554,41507.1,835.99272361,41876.38538,9538,41366.3,42425.4
1642517106832,41630.9,41630.8,41616,886.19942715,41851.99683,9919,41288,42425.4
1642518006848,41425.8,41425.7,41425.8,919.67068798,41835.49281,10205,41288,42425.4
1642518906717,41619.1,41619,41619,944.62101902,41828.8452,10570,41288,42425.4
1642519806687,41830.3,41830.2,41826.1,1011.02568105,41816.85631,10882,41288,42425.4
1642520706459,41794.8,41794.5,41794.4,1024.42304797,41816.05254,11094,41288,42425.4
1642521607639,41587.9,41587.8,41587.9,1065.22294553,41810.51987,11325,41288,42425.4
1642522506641,41545.7,41544.1,41540.5,1181.6650147,41787.12194,11764,41288,42425.4
1642523407488,41560.4,41560.3,41565.6,1211.42358865,41782.10754,11971,41288,42425.4
1642524307315,41723,41722.9,41717.7,1240.60698777,41777.72629,12263,41288,42425.4
1642525207278,41718.1,41718,41717.2,1253.57486495,41777.28419,12429,41288,42425.4
1642526107305,41616.9,41610.3,41610.3,1268.28966173,41774.84137,12658,41288,42425.4
1642527007418,41602.9,41602.8,41602.9,1329.11959173,41770.18502,12946,41288,42425.4
1642527907749,41638.3,41638.2,41636.8,1350.9066115,41766.19943,13115,41288,42425.4
1642528806799,41508.6,41508.5,41508.6,1361.29753821,41764.36862,13331,41288,42425.4
1642529706730,41507.5,41507.4,41507.4,1392.21694259,41757.39174,13614,41288,42425.4
1642530606921,41443.1,41439.5,41450.9,1395.40507884,41756.76645,13781,41288,42425.4
1642531507409,41551.9,41551.8,41551.9,1418.26606783,41752.62651,14056,41288,42425.4
1642532407669,41650.9,41650.8,41650.9,1422.00434859,41752.15552,14174,41288,42425.4
1642533307659,41652.1,41652,41652.1,1452.68781929,41750.06996,14399,41288,42425.4
1642534206802,41650,41649.9,41650,1469.6003309,41748.99593,14572,41288,42425.4
1642535106783,41693.6,41691.7,41697,1475.79061386,41748.89933,14712,41288,42425.4
1642536006936,41728.7,41728.6,41728.7,1485.78621085,41748.81464,14910,41288,42425.4
1642536906653,41691.4,41691.3,41691.3,1502.74150286,41748.2936,15131,41288,42425.4
1642537806763,41637.2,41637.1,41637.1,1509.15634671,41747.65755,15300,41288,42425.4
1642538706559,41534.7,41534.6,41534.7,1518.42760017,41746.66256,15515,41288,42425.4
1642539606677,41766.1,41766,41761,1526.29848267,41746.34895,15754,41288,42425.4
1642540506756,42000,41999.9,41999.2,1550.14120562,41748.69164,16114,41288,42425.4
1642541406851,42296.4,42296.3,42290.1,1607.48840391,41762.15163,16648,41288,42425.4
1642542306729,42401,42400.9,42401.7,1659.5134576,41780.81479,17156,41288,42446.3
1642543206589,42396.7,42396.6,42396.7,1691.40890944,41792.60215,17463,41288,42478
1642544107092,42356.2,42356.1,42356.2,1743.17758193,41808.44805,17744,41288,42478
1642545007022,42405.4,42405.3,42405.4,1788.08514312,41821.90912,17979,41288,42478
1642545906745,42528.1,42528,42528.1,1809.24005816,41830.07289,18322,41288,42667
1642546806695,42476.2,42476.1,42476.1,1837.02007204,41839.97619,18511,41288,42667
1642547707625,42546.5,42546.4,42546.5,1844.01236244,41842.55119,18669,41288,42667
1642548606821,42508.1,42504.5,42502,1849.83364375,41844.62132,18875,41288,42667
1642549506759,42453.3,42453.2,42452.6,1859.1083071,41847.53561,19032,41288,42667
1642550406885,42368,42367.9,42371.3,0.00010617,42371.3,1,42371.3,42371.3
1642551307063,42310,42309.9,42310,8.9671855,42362.0342,197,42283.1,42416.3
1642552207046,42482.2,42482.1,42482.1,23.35984302,42358.04281,367,42274.3,42482.3
1642553107300,42226.9,42226.8,42226.9,31.64130823,42334.09338,574,42210.4,42482.3
1642554007036,42291.5,42291.4,42291.4,47.35805767,42304.9594,744,42210.4,42482.3
1642554906913,42389.7,42389.6,42390.1,49.47242991,42306.7052,875,42210.4,42482.3
1642555806977,42419.1,42419,42419.1,55.53244852,42316.61534,1006,42210.4,42482.3
1642556706709,42371.2,42371.1,42371.2,62.31872458,42329.30053,1094,42210.4,42482.3
1642557606474,42450,42449.9,42450,65.79251045,42334.24114,1214,42210.4,42482.3
1642558507263,42461.9,42461.8,42461.9,72.10931347,42343.77107,1348,42210.4,42482.3
1642559407143,42428.7,42428.6,42428.7,75.57528051,42350.39628,1498,42210.4,42514.2
1642560307284,42394.9,42394.8,42394.9,78.11977209,42352.302,1607,42210.4,42514.2
1642561207480,42347.9,42347.8,42346.8,101.93411831,42346.7298,1758,42210.4,42514.2
1642562107229,42288.4,42288.3,42288.4,103.19640692,42346.10126,1864,42210.4,42514.2
1642563007272,42283.6,42283.5,42283.8,110.46509329,42342.4496,2018,42210.4,42514.2
1642563907316,41829.5,41828.7,41814.5,154.88401689,42253.81505,2541,41813.8,42514.2
1642564807505,41731.8,41731.7,41715.2,196.28205815,42147.55953,2999,41625,42514.2
1642565706485,41644.2,41644.1,41644.2,205.10140611,42129.53767,3156,41625,42514.2
1642566607495,41695.6,41695.5,41695.4,207.93128967,42123.44825,3291,41625,42514.2
1642567507581,41740,41739.9,41740,211.32768313,42117.32042,3376,41625,42514.2
1642568406495,41730.5,41730.4,41732.5,220.11787144,42102.27194,3520,41625,42514.2
1642569307495,41801.2,41801.1,41801.2,232.97587334,42083.37949,3642,41625,42514.2
1642570207436,41802.8,41802.7,41802.7,235.74735237,42079.80637,3747,41625,42514.2
1642571106371,41733.9,41733.8,41733.9,239.27286431,42075.4695,3864,41625,42514.2
1642572006674,41775,41774.9,41773.1,244.89848777,42067.59042,3973,41625,42514.2
1642572906682,41846.8,41846.7,41846.8,252.16543134,42058.88465,4070,41625,42514.2
1642573806754,41763.9,41763.8,41763.9,255.95550102,42055.16071,4183,41625,42514.2
1642574706636,41799.7,41799.6,41799.7,261.14688701,42049.35662,4257,41625,42514.2
1642575607247,41728.4,41728.3,41728.8,264.58010405,42045.6005,4358,41625,42514.2
1642576506746,41437.6,41437.5,41437.5,289.70138098,42000.59959,4775,41415,42514.2
1642578307280,41269,41268.9,41269,368.92595389,41853.47855,5395,41220.4,42514.2
1642579208402,41250,41249.9,41250,390.01068059,41820.91036,5648,41175.2,42514.2
1642580108152,41354.4,41352.2,41351.9,409.78847038,41795.17664,5905,41175.2,42514.2
1642581008014,41270,41269.9,41276.2,416.25005866,41788.24774,6051,41175.2,42514.2
1642581907568,41313.5,41313.4,41313.5,467.30760164,41726.03143,6346,41159,42514.2
1642582807908,41377.1,41377,41360.1,474.94978383,41720.25576,6471,41159,42514.2
1642583707414,41519.7,41519.6,41519.7,497.40802956,41707.63624,6743,41159,42514.2
1642584607423,41516.9,41516.8,41516.9,504.54787387,41704.95277,6926,41159,42514.2
1642585507466,41553.7,41553.6,41553.7,508.05115513,41703.49473,7044,41159,42514.2
1642586407348,41605.7,41605.6,41605.7,525.57057057,41700.41413,7291,41159,42514.2
1642587308159,41480.5,41480.4,41480.5,536.23351441,41697.51044,7493,41159,42514.2
1642588207757,41494.7,41494.6,41481.3,551.3241684,41692.0291,7666,41159,42514.2
1642589107121,41409.1,41409,41417.3,576.64258383,41682.90504,7872,41159,42514.2
1642590007884,41498.5,41498.4,41494.9,582.10569328,41680.36876,8069,41159,42514.2
1642590907510,42115.6,42115.5,42091.3,659.939078,41696.7204,8976,41159,42514.2
1642591808403,41926.6,41926.5,41926.6,681.33935059,41706.7495,9274,41159,42514.2
1642592713536,42010.7,42010.6,42010.7,687.24295392,41709.11085,9396,41159,42514.2
1642593607298,42056,42055.9,42054.2,697.61828403,41713.52589,9502,41159,42514.2
1642594507782,42102.2,42102.1,42102.2,730.68846789,41734.41857,9779,41159,42514.2
1642595407733,42171.9,42171.8,42182.7,743.8361778,41741.45992,9903,41159,42514.2
1642596307072,42012.7,42012.6,42012.7,769.37969249,41754.35852,10180,41159,42514.2
1642597207205,42128.6,42128.5,42128.6,932.3762391,41827.48139,10763,41159,42514.2
1642598107425,42304.3,42304.2,42304.2,957.84473842,41839.28924,11025,41159,42514.2
1642599007275,42261.8,42261.7,42261.8,972.63096515,41845.42968,11224,41159,42514.2
1642599908475,42138.2,42138.1,42136.6,983.81602929,41849.15208,11388,41159,42514.2
1642600807828,42212,42211.9,42224.6,1026.49282892,41862.96315,11599,41159,42514.2
1642601707748,42152.4,42152.3,42152.4,1034.90576739,41865.37491,11716,41159,42514.2
1642602608353,42200,42199.9,42200,1075.76109401,41877.8939,11930,41159,42514.2
1642603508129,42496.2,42496.1,42498.1,1164.45287153,41913.74027,12395,41159,42551.5
1642604407429,42548.7,42546.3,42533.6,1209.07669661,41934.76042,12806,41159,42577.8
1642606210342,42247.2,42247.1,42247.1,1243.60422181,41947.16336,13322,41159,42577.8
1642607106689,41936.3,41936.2,41936.3,1265.93749251,41950.04832,13725,41159,42577.8
1642608006688,42000,41999.9,41999.9,1282.45777622,41950.23674,14160,41159,42577.8
1642608907488,41753.2,41744.8,41739.8,1331.44696622,41945.26994,14686,41159,42577.8
1642609806676,41885.2,41876,41868.3,1352.70236762,41943.17863,14953,41159,42577.8
1642610706965,41794.4,41794.3,41797.8,1373.81895553,41940.8769,15182,41159,42577.8
1642611606892,41934,41932.8,41923.8,1390.31751712,41940.26255,15407,41159,42577.8
1642612506677,42334.6,42334.5,42330.5,1443.99827435,41950.05672,15965,41159,42577.8
1642613406672,42268.9,42268.8,42270.9,1452.23478298,41951.81399,16151,41159,42577.8
1642614306984,42004.1,42003.9,42008.5,1468.72727509,41953.53885,16376,41159,42577.8
1642615211505,42156.5,42156.4,42170.2,1479.14030216,41954.75315,16644,41159,42577.8
1642616107103,42238.5,42238,42234.4,1486.47003104,41955.78016,16856,41159,42577.8
1642617007396,42026.1,42024.4,42026.5,1521.69471379,41959.27335,17109,41159,42577.8
1642617907579,42007,42006.9,41999.4,1547.85553254,41959.31543,17360,41159,42577.8
1642618810307,42014.2,42014.1,42016.8,1552.65477202,41959.49745,17510,41159,42577.8
1642619707864,41801.5,41801.4,41805.6,1571.5422026,41958.25696,17829,41159,42577.8
1642620608914,41783.7,41780.7,41772.9,1592.43322148,41956.32771,18059,41159,42577.8
1642621507902,41908.2,41908.1,41908.5,1615.859005,41954.14693,18216,41159,42577.8
1642622409371,41875.3,41874.5,41882,1689.91627469,41945.51008,18502,41159,42577.8
1642623307239,41943.7,41942.4,41939,1699.63130621,41945.0848,18671,41159,42577.8
1642624211109,41704.2,41702.2,41689.1,1731.44930599,41942.339,18911,41159,42577.8
1642625111170,41687.4,41687.3,41687.3,1749.32263286,41939.48653,19212,41159,42577.8
1642626008287,41746.8,41729.8,41746.9,1777.48073041,41934.90992,19535,41159,42577.8
1642626908736,41721.7,41720.5,41716.3,1798.74512935,41932.61962,19864,41159,42577.8
1642627808046,41780.6,41780.5,41784.9,1809.29808332,41931.41666,20041,41159,42577.8
1642628708030,41777.1,41777,41774.2,1816.90093704,41930.65563,20211,41159,42577.8
1642629607670,41714,41713.2,41717.2,1824.21661983,41929.89697,20400,41159,42577.8
1642630507510,41781.9,41781.8,41775.6,1830.77171921,41929.15492,20595,41159,42577.8
1642631407075,41900.5,41900.4,41900.5,1841.48848926,41928.86523,20821,41159,42577.8
1642632307646,41979.1,41979,41982.1,1864.50478706,41928.9456,21020,41159,42577.8
1642633207276,41998.2,41998.1,41998.2,1879.24678778,41929.36834,21193,41159,42577.8
1642634107271,41915.5,41912.1,41912.1,1896.65574043,41929.62528,21423,41159,42577.8
1642635007898,41825.1,41825,41825.1,1901.6273907,41929.46617,21598,41159,42577.8
1642635907636,41821.9,41821.8,41821.8,1904.85405791,41929.33265,21723,41159,42577.8
1642636807187,41686.2,41686.1,41686.2,1920.18836342,41927.51011,21971,41159,42577.8
1642637708114,41785,41784.9,41785,11.58472186,41713.41493,208,41678.6,41785
1642638607943,41800.6,41800.5,41800.5,20.85119194,41768.35295,391,41678.6,41871.4
1642639507505,41803.9,41803.8,41803.9,26.0165529,41781.84217,508,41678.6,41871.4
1642640408341,41863.9,41863.8,41847.6,31.0347633,41788.51428,658,41678.6,41871.4
1642641306919,41829.4,41829.3,41829.4,40.42055084,41804.2422,825,41678.6,41888.3
1642642207259,41722.3,41722.2,41717.9,47.18060402,41797.57081,1062,41678.6,41888.3
1642643108427,41796.3,41795.1,41797.6,55.42619875,41789.89005,1248,41678.6,41888.3
1642644007005,41783.2,41783.1,41783.1,70.91859976,41792.23153,1437,41678.6,41888.3
1642644907808,41932.6,41932.5,41932.8,79.09075278,41801.06418,1632,41678.6,41973.3
1642645807669,41960.6,41960.5,41960.6,81.09242117,41803.32003,1761,41678.6,41973.3
1642646707320,42021.8,42021.7,42015.2,100.34000814,41848.25786,1928,41678.6,42050
1642647608112,42012.2,42012.1,42012.2,102.92547053,41852.63957,2045,41678.6,42050
1642648507798,42017.7,42017.6,42013.7,115.01497998,41872.93394,2195,41678.6,42050
1642649407826,41978.1,41978,41978,118.84368288,41877.0295,2305,41678.6,42050
1642650307154,41938.8,41938.7,41938.8,121.47469411,41878.46772,2406,41678.6,42050
1642651208178,41974,41973.9,41953,129.19602397,41883.07019,2534,41678.6,42050
1642652107752,41931.4,41931.3,41931.4,132.81767056,41885.42982,2627,41678.6,42050
1642653007415,41929,41928.9,41929,134.61649082,41885.93455,2703,41678.6,42050
1642653907973,41907.1,41907,41907.1,139.272169,41888.13099,2800,41678.6,42050
1642654807225,41923,41922.9,41923,141.06591218,41888.73983,2898,41678.6,42050
1642655708040,41925.1,41922,41934.4,149.85901515,41892.18913,3018,41678.6,42050
1642656607361,41820,41819.9,41819.9,154.93045168,41891.91273,3129,41678.6,42050
1642657508020,41893.6,41893.5,41893.6,159.09785346,41891.09215,3207,41678.6,42050
1642658407716,41907,41905.9,41913.6,160.77137349,41890.94076,3300,41678.6,42050
1642659307633,41981.6,41981.5,41983.3,166.13932566,41893.45105,3407,41678.6,42050
1642660207607,42042.6,42042.5,42042.5,168.40848494,41894.72225,3505,41678.6,42050
1642661107658,42040.1,42040,42040.1,170.5943777,41896.50892,3554,41678.6,42050
1642662007099,42043.3,42042,42036.5,194.40883814,41915.59814,3684,41678.6,42065.9
1642662908058,42037.4,42037.3,42023.8,197.71838911,41917.16302,3769,41678.6,42065.9
1642663808030,41986.6,41986.5,41986.6,198.98234526,41917.66655,3867,41678.6,42065.9
1642664707792,42106.1,42106,42106.1,202.9030978,41921.17667,3991,41678.6,42150
1642665607511,42081.7,42081.6,42081.4,204.51920839,41922.41644,4083,41678.6,42150
1642666507728,41983.4,41983.3,41983.4,210.16066151,41924.63723,4217,41678.6,42150
1642667407917,41918.2,41916.2,41914.4,224.55582274,41925.20485,4416,41678.6,42150
1642668306868,41902,41901.9,41902,227.02888404,41925.18375,4493,41678.6,42150
1642669206825,41961.2,41961.1,41961.2,228.3445793,41925.18324,4582,41678.6,42150
1642670107117,41881.2,41881.1,41881.2,228.87498662,41925.16258,4642,41678.6,42150
1642671007165,41918.8,41912.2,41918,233.27010449,41923.81955,4769,41678.6,42150
1642671907674,42061.6,42061.5,42058.3,241.58429934,41925.26131,4897,41678.6,42150
1642672806457,42072.9,42072.8,42072.9,258.28386099,41934.78434,5009,41678.6,42150
1642673707196,42108.3,42108.2,42108.3,262.89755624,41937.84613,5107,41678.6,42150
1642674607063,42122.4,42122.3,42122.4,263.95317874,41938.57567,5198,41678.6,42150
1642675506959,42088.7,42088.6,42088.7,265.34740748,41939.46027,5273,41678.6,42150
1642676407155,42122.5,42122.4,42115.2,276.87795595,41944.93864,5391,41678.6,42150
1642677307188,42203.9,42203.8,42203.8,297.74645696,41963.24011,5612,41678.6,42233.2
1642678207220,42112.7,42112.6,42112.5,302.96644949,41966.55546,5724,41678.6,42233.2
1642679107066,42128.7,42128.6,42128.7,304.59229571,41967.38901,5807,41678.6,42233.2
1642680008073,42133.2,42133.1,42152.7,308.27679842,41969.56761,5880,41678.6,42233.2
1642680907092,42037,42036.9,42037,330.50164864,41972.32981,6078,41678.6,42233.2
1642681806909,42014.6,42014.5,42014.5,332.61699902,41972.48825,6188,41678.6,42233.2
1642682706510,41985.8,41985.7,41984.1,344.65455554,41972.71064,6309,41678.6,42233.2
1642683606533,42070.6,42070.5,42070.5,349.39335353,41973.34322,6435,41678.6,42233.2
1642684506580,42032.1,42032,42032.1,354.75795983,41974.72407,6572,41678.6,42233.2
1642685406691,42033.9,42033.8,42033.9,361.03016258,41975.73467,6698,41678.6,42233.2
1642686306572,42440,42439.9,42439.9,396.07384891,42008.73757,7197,41678.6,42440
1642713307401,42549.6,42549.5,42549.6,2024.79759446,42768.69773,19582,41678.6,43497.4
1642714207476,42417.4,42417.3,42417.4,2085.18642702,42760.17056,19944,41678.6,43497.4
1642715106453,41758.8,41758.7,41758.7,2302.73841355,42686.9757,21571,41520.5,43497.4
1642716007178,41313.7,41310,41313.7,2421.23028537,42635.50408,22484,41313.7,43497.4
1642716906869,41325.4,41306.9,41314.6,2469.26812437,42608.70117,22754,41194.6,43497.4
1642717807035,41467.4,41465.6,41466,2561.31497824,42559.2736,23441,41100,43497.4
1642718707241,41200.9,41200.8,41200.9,2587.6662967,42546.16155,23779,41100,43497.4
1642719607477,41153.8,41153.7,41165.3,2774.98824238,42436.90008,25131,40600,43497.4
1642720507850,40960.1,40960,40972.1,2813.93809586,42417.11011,25695,40600,43497.4
1642721407118,40802.9,40797.8,40801.1,2891.27917304,42373.16921,26463,40600,43497.4
1642722307129,40858.2,40858.1,40858.2,2952.54095201,42340.41412,26951,40600,43497.4
1642723207267,40651.7,40651.6,40640.9,0.23104033,40654.31045,8,40637.5,40686.9
1642724106967,40625,40620.6,40620.7,109.3282416,40504.08127,963,40305.2,40730.7
1642725006791,40904.2,40903.3,40895.3,219.29612076,40621.7663,1538,40305.2,40987.9
1642725906718,41054.3,41054.2,41054.2,289.27646757,40707.27214,2183,40305.2,41115.7
1642726806657,40907.7,40905.4,40941.8,316.05595487,40727.07029,2432,40305.2,41115.7
1642727706814,40753.4,40753.3,40753.4,428.94476143,40723.44869,2756,40305.2,41115.7
1642728606694,40722.5,40722.4,40722.5,441.58421351,40724.71238,2931,40305.2,41115.7
1642729506814,39972.7,39952.1,39952.3,665.73914752,40539.35532,4577,39913.8,41115.7
1642730406844,39750,39733.1,39733.1,772.48160545,40442.0552,5565,39733.1,41115.7
1642731306932,39785.1,39785,39785,990.29278627,40315.24374,6568,39704,41115.7
1642732206916,40174.2,40172.1,40176.2,1292.17282783,40176.25152,8318,39261.9,41115.7
1642733106925,39800.1,39800,39800.1,1329.54448987,40170.96256,8704,39261.9,41115.7
1642734007060,39844.1,39844,39844.1,1368.90082623,40161.56638,9040,39261.9,41115.7
1642734907141,39672.1,39672,39649.5,1449.75685785,40134.67943,9795,39261.9,41115.7
1642735807073,38933.1,38921.5,38919.3,1668.24643002,40001.83676,11397,38784.5,41115.7
1642736707111,38698.2,38696.2,38666.4,2019.08903287,39760.81894,13482,38300,41115.7
1642737606717,38487,38478.9,38489.7,2119.32974421,39708.71843,14228,38300,41115.7
1642738506758,38765.9,38762.6,38762.4,2153.98934616,39692.36328,14673,38300,41115.7
1642739406503,38818.3,38818.2,38818.3,2180.15622168,39681.62211,14995,38300,41115.7
1642740307229,38873.1,38873,38873.1,2215.12171266,39668.62265,15436,38300,41115.7
1642741206848,38846.9,38846.8,38846.9,2247.34053829,39656.85338,15735,38300,41115.7
1642742106441,38808.6,38808.5,38808.5,2291.99898409,39641.33306,16248,38300,41115.7
1642743007288,38812,38811.9,38813.2,2325.92877775,39629.14188,16466,38300,41115.7
1642743907294,38947.7,38946,38939.5,2352.23902193,39620.30966,16685,38300,41115.7
1642744806957,38933.1,38927.8,38926.5,2405.5351936,39605.36752,16945,38300,41115.7
1642745707009,38852.1,38852,38852,2480.50228074,39583.03027,17253,38300,41115.7
1642746607047,38800,38799.9,38799.9,2517.26358496,39571.58916,17530,38300,41115.7
1642747507099,38655.1,38655,38655,2530.19801987,39567.1042,17741,38300,41115.7
1642749308718,38800,38799.9,38799.4,2599.60986152,39544.27694,18373,38300,41115.7
1642750206834,38863.9,38863.8,38863.8,2608.89310945,39541.70078,18523,38300,41115.7
1642751107037,38900,38899.9,38900,2626.80069964,39536.91121,18722,38300,41115.7
1642752007070,39129.2,39129.1,39129.2,2657.91547253,39531.10753,19082,38300,41115.7
1642752906996,39181.2,39181.1,39183.4,2690.36557989,39526.74696,19421,38300,41115.7
1642753807104,39167.7,39167.6,39170.5,2704.80152011,39524.551,19631,38300,41115.7
1642754707557,39137.3,39137.2,39137.3,2755.80865981,39517.4096,19898,38300,41115.7
1642755608139,39170.7,39170.6,39170.7,2768.53379908,39515.47091,20067,38300,41115.7
1642756507994,38980.4,38980.3,38980.4,2899.88204231,39495.19342,20535,38300,41115.7
1642757408122,39054.2,39054.1,39057.1,3012.01876764,39476.7192,20888,38300,41115.7
1642758307931,39029.2,39027.5,39026.8,3017.23654113,39475.9379,21035,38300,41115.7
1642759207608,39000.1,39000,39000,3036.31152733,39473.36927,21327,38300,41115.7
1642760107079,38983.9,38982.2,38991.8,3072.50246473,39467.31736,21665,38300,41115.7
1642761007701,39048,39047.9,39048,3083.68030401,39465.72476,21868,38300,41115.7
1642761907177,38966.3,38960.9,38972.7,3092.4570296,39464.39765,22049,38300,41115.7
1642762808611,38961.4,38961.3,38977.4,3095.01483198,39463.97832,22195,38300,41115.7
1642763707426,38829.1,38829,38826.8,3108.56977407,39461.40719,22492,38300,41115.7
1642764607662,38805.1,38805,38805.1,3140.19907282,39454.67151,22785,38300,41115.7
1642765508118,38866.2,38866.1,38866.2,3153.88746405,39451.86024,23023,38300,41115.7
1642766407915,38890.6,38890.5,38890.6,3167.23382823,39449.23451,23227,38300,41115.7
1642767307891,38574.5,38574.4,38574.5,3183.61056706,39445.17916,23515,38300,41115.7
1642768207919,38517.1,38517,38526.8,3222.38107046,39435.21546,23988,38300,41115.7
1642769108435,37961.8,37961.7,37983.1,3635.21555576,39271.8898,26375,37702,41115.7
1642770007146,38193.7,38193.6,38185.7,3763.6368507,39231.67524,27227,37702,41115.7
1642770908309,38432.5,38432.4,38416.2,3825.57276349,39217.07712,27755,37702,41115.7
1642771807196,38413.3,38409,38392.5,3840.88649062,39213.86719,28091,37702,41115.7
1642772707752,38644.6,38644.5,38644.5,3867.94062287,39207.94847,28527,37702,41115.7
1642773607736,38490.1,38490,38490.1,3897.36465988,39202.82153,28857,37702,41115.7
1642774508565,38337.4,38337.1,38337.5,3922.91429801,39197.36475,29179,37702,41115.7
1642775407818,38579,38578.9,38579,3957.41680464,39190.99952,29497,37702,41115.7
1642776308254,38400.3,38400.2,38400.3,4030.143719,39181.77204,30095,37702,41115.7
1642777207068,38422.6,38422.5,38411.8,4138.61724622,39162.11923,30855,37702,41115.7
1642778107579,38331.1,38331,38331.1,4181.66545258,39154.01598,31302,37702,41115.7
1642779007022,38445.8,38445.7,38463.1,4305.25907429,39129.57306,32099,37702,41115.7
1642779907875,38767.3,38767.2,38767.2,4435.75557016,39119.20035,32776,37702,41115.7
1642780807900,38850.1,38850,38850.1,4486.89835802,39117.27573,33342,37702,41115.7
1642781707535,38775.5,38772.2,38751.2,4519.10348264,39114.98733,33711,37702,41115.7
1642782607727,38932.5,38932.4,38932.5,4591.76614014,39111.46114,34152,37702,41115.7
1642783507863,38664,38663.9,38675,4625.99000552,39108.90459,34512,37702,41115.7
1642784408187,38702.3,38702.2,38707.8,4727.49852378,39097.1654,35027,37702,41115.7
1642785307491,38464.4,38464.3,38446.9,4763.67046753,39093.1841,35365,37702,41115.7
1642786207410,38480,38479.9,38480,4846.21301434,39082.39089,35738,37702,41115.7
1642787107069,38373.6,38373.5,38371.4,4940.6918004,39069.75698,36261,37702,41115.7
1642788007815,38387.7,38380.5,38391.7,4985.06378597,39062.89245,36587,37702,41115.7
1642788907868,38588.6,38588.5,38588.6,5019.15076855,39059.03553,36950,37702,41115.7
1642789808218,38166.5,38166.4,38166.5,5050.69719592,39053.88866,37477,37702,41115.7
1642790708609,38397.2,38393.5,38393.5,5163.13780356,39035.91903,38315,37702,41115.7
1642791608034,38300.1,38300,38300.1,5177.63240737,39034.09133,38609,37702,41115.7
1642792507615,38348.3,38348.2,38348.3,5205.24315125,39030.21899,38933,37702,41115.7
1642793407360,38225.8,38220.7,38230.3,5296.54534029,39019.50378,39392,37702,41115.7
1642794307355,38218.5,38213.8,38213.7,5353.68776118,39010.0228,39863,37702,41115.7
1642795207566,37971.6,37971.5,37985.4,5679.78332729,38954.81032,40534,37702,41115.7
1642796106616,37620.7,37617.2,37628.3,5931.76884147,38904.07037,41759,37565.1,41115.7
1642797006718,37768.5,37763.8,37761.6,6021.17686734,38888.71438,42480,37565.1,41115.7
1642797906877,38214.4,38214.3,38222,6092.47629618,38881.1688,43166,37565.1,41115.7
1642798807008,38409.8,38403.8,38348.4,6350.38656053,38851.83515,44022,37565.1,41115.7
1642799707029,38255.5,38250.5,38258.5,6375.88460614,38849.72679,44446,37565.1,41115.7
1642800607327,38009,38008.9,38011.8,6396.52887525,38847.3631,44766,37565.1,41115.7
1642801507355,37446.4,37446.3,37446.3,6710.09276889,38788.92412,46765,37360.3,41115.7
1642802407289,36749.4,36747.9,36747.8,7376.87884954,38603.52207,50973,36183.1,41115.7
1642803307211,36817.1,36807.6,36819.8,7464.67258589,38583.20382,51842,36183.1,41115.7
1642804207214,36989,36988.9,36989,7593.85828621,38550.60558,52760,36183.1,41115.7
1642805107357,36418.5,36418.4,36409.7,7670.21113141,38531.0709,53465,36183.1,41115.7
1642806007384,36093.3,36093.2,36138.8,8372.92309412,38305.91827,56550,35409.7,41115.7
1642806906446,36389.4,36381.1,36378,8606.16813099,38246.6609,57993,35409.7,41115.7
1642807806509,36712.5,36712.4,36752.1,8805.41412621,38205.77751,58694,35409.7,41115.7
1642808706610,36451.7,36443.8,36433.9,8849.06197809,38197.65465,59181,35409.7,41115.7
1642809606971,36458,36447.1,36450,0.00239395,36448.33163,2,36446.2,36450
1642810506942,36352.9,36340.6,36363.2,89.36693257,36488.0723,1155,36250,36814.5
1642811406982,36414.7,36413.6,36431.4,108.09301157,36448.28924,1457,36156.4,36814.5
1642812307111,36566.7,36563,36570.7,131.95894012,36477.86753,1791,36156.4,36814.5
1642813207219,36500.1,36500,36500.1,152.79018397,36489.3672,2041,36156.4,36814.5
1642814107041,36246.6,36241,36241.1,169.78989764,36474.71184,2379,36156.4,36814.5
1642815007359,36291.2,36284.1,36287.8,178.59600696,36472.25999,2621,36156.4,36814.5
1642815907364,36533.4,36533.3,36533.4,193.53438618,36471.11673,2910,36156.4,36814.5
1642816807328,36500.5,36500.4,36500.5,207.43114392,36473.22429,3170,36156.4,36814.5
1642817707306,36476.1,36476,36476,309.20484349,36443.99228,3471,36156.4,36814.5
1642818607257,36339.1,36334.5,36339.1,319.29772031,36442.36277,3693,36156.4,36814.5
1642819507186,36449.3,36449.2,36449.3,340.89064007,36438.53661,3958,36156.4,36814.5
1642820406708,36505.6,36502.5,36505.8,364.54017664,36441.22066,4219,36156.4,36814.5
1642821306483,36592.9,36589.3,36604.5,391.77347283,36452.27459,4498,36156.4,36814.5
1642822206684,36572.8,36572.7,36572.8,403.20012484,36456.23376,4718,36156.4,36814.5
1642823106713,36137.2,36099.6,36123.1,444.98003305,36432.30737,5136,36068.4,36814.5
1642824006599,36340,36339.9,36340,464.20046591,36424.67934,5375,36068.4,36814.5
1642824906580,36416.5,36414.1,36405.7,471.92236553,36423.96848,5608,36068.4,36814.5
1642825806404,36328.9,36324.5,36315.2,475.72309757,36423.52363,5773,36068.4,36814.5
1642826707033,36346.7,36346.6,36340.9,497.4110599,36416.59263,5957,36068.4,36814.5
1642827607116,36293.7,36293.6,36303,502.00587948,36415.61481,6096,36068.4,36814.5
1642828506873,36334.6,36332.8,36333,509.98346962,36412.7045,6301,36068.4,36814.5
1642829406910,36168.5,36164.3,36158.6,542.9168449,36399.89928,6502,36068.4,36814.5
1642830307018,35957.8,35946.1,35911,579.60739105,36375.77303,6948,35883.2,36814.5
1642831207075,35742.4,35739.5,35738.2,617.7177798,36337.65208,7373,35624.1,36814.5
1642832107207,35742.4,35742.3,35742.3,658.03132358,36304.71589,7892,35624.1,36814.5
1642854607175,35401,35400.9,35387.9,2893.55505271,35285.78275,25662,34007.7,36814.5
1642935363065,35842.7,35842.6,35837.7,879.16389853,35472.65033,8941,34826.2,36176.6
1642937282010,35741.8,35739.8,35734.7,921.65861949,35490.41861,9465,34826.2,36176.6
1642937368773,35739.4,35736.7,35739.9,924.80291806,35491.27957,9503,34826.2,36176.6
1642937410250,35744.1,35744,35744.5,925.93496943,35491.58655,9510,34826.2,36176.6
1642937416498,35744.1,35744,35744.5,925.93496943,35491.58655,9510,34826.2,36176.6
1642938310473,35674,35671.8,35670.9,955.71305973,35496.98491,9731,34826.2,36176.6
1642939209743,35703.3,35703.2,35703.2,963.17317099,35498.19925,9841,34826.2,36176.6
1642940763449,35712.1,35712,35747.9,1002.57381421,35504.47943,10233,34826.2,36176.6
1642941010613,35713.5,35713.4,35713.5,1004.19563013,35504.83798,10266,34826.2,36176.6
1642941909822,35655.6,35655.5,35674,1006.54270115,35505.26847,10361,34826.2,36176.6
1642942810168,35817.1,35817,35817,1010.52440852,35506.43979,10462,34826.2,36176.6
1642943710246,35793,35792.5,35793,1013.9121472,35507.34908,10587,34826.2,36176.6
1642944610298,35900.1,35900,35900.1,1022.66712612,35510.30021,10696,34826.2,36176.6
1642944670363,35893.3,35893.2,35893.2,1023.97779577,35510.79039,10712,34826.2,36176.6
1642944733753,35855.7,35855.6,35855.6,1032.20528293,35513.7336,10731,34826.2,36176.6
