timestamp,ZAR100k, ZAR200k, ZAR300k, ZAR500k, ZAR1m
1642946176287,0.013256886710693,0.0169885068784255,0.0178924801254632,0.0186156587230932,0.0191580426713154
1642946286511,0.0130072014373006,0.016738039199665,0.0176418353112748,0.0183648722005629,0.0189071498675286
1642946411033,0.0141595312237162,0.0178960374846286,0.018801335594328,0.0195255740820877,0.0200687529479069
1642946958904,0.014035066477516,0.0177702142563514,0.0186751018902438,0.0193990119973579,0.0199419445776932
1642947217467,0.0139100612325556,0.0176438487629789,0.0185483255134486,0.0192719069138243,0.0198145929641058
1642947355498,0.0131464489699218,0.0168771829660528,0.0177808981885519,0.0185038703665514,0.0190460995000508
1642948151721,0.0123819571309736,0.01610963471838,0.0170125877495784,0.0177349501745367,0.0182767219932556
1642948210428,0.014363566089092,0.0180976927505196,0.0190021313015274,0.0197256821423337,0.0202683452729384
1642949524735,0.0163531955388037,0.0200937974850091,0.0209997276044631,0.0217244717000262,0.0222680297716984
1642951209908,0.0167627733585749,0.020505687399214,0.0214122502874055,0.0221375005979589,0.0226814383308738
1642951340367,0.0160108756707313,0.0197510218204848,0.020656914303979,0.0213816282907744,0.0219251637808708
1642951810911,0.0152589779828876,0.0189963562417559,0.0199015783205523,0.0206257559835898,0.0211688892308677
1642952711136,0.0152743319212967,0.01901175319203,0.0199169844666025,0.0206411694862605,0.0211843082510039
1642953610886,0.015289686846822,0.0190271511326463,0.0199323916037388,0.0206565839806132,0.0211997282632688
1642954511021,0.0149797582940483,0.0187160675846021,0.0196210270328101,0.0203449945913765,0.0208879702603015
1642955410574,0.0146698089097428,0.0184049631369492,0.0193096415465626,0.0200333842742535,0.0205761913200215
1642956310463,0.0150123423131807,0.0187486053725252,0.0196535385906309,0.0203774851651157,0.020920445095979
1642957210278,0.0153551241120935,0.0190924968153257,0.0199976850292507,0.0207218356003909,0.0212649485287455
1642958111326,0.0153357704311345,0.0190730636728655,0.0199782318973267,0.0207023664768962,0.0212454674115727
1642959011269,0.0153164159902022,0.0190536297679478,0.0199587780023729,0.0206828965899128,0.0212259855305674
1642961710917,0.01514019739035,0.0188767108559296,0.0197816848002264,0.020505663955664,0.0210486483222421
1642962610875,0.0149639352959332,0.0186997483072071,0.0196045479285747,0.0203283876256686,0.020871267398489
1642963511042,0.0151565687404958,0.018892928693645,0.019797846117706,0.0205217800569548,0.0210647305113913
1642964411024,0.0153493510862519,0.0190862584678815,0.0199912938069295,0.020715322078168,0.0212583432815967
1642965311173,0.0151129960078102,0.0188490235211589,0.019753844863093,0.02047770193664,0.0210205947418003
1642966210882,0.0148766296559857,0.0186117772642129,0.0195163846005311,0.0202400704695855,0.0207828348713763
1642967110709,0.0142661796545214,0.0179989725995964,0.0189029998964581,0.0196262217339473,0.0201686381120643
1642968010470,0.0136554142627094,0.0173858515139449,0.0182892985334995,0.0190120561491427,0.0195541243608754
1642968910107,0.0141515522013795,0.0178835912105848,0.0187874058685915,0.0195104575949971,0.0200527463898013
1642969811236,0.0146482222109179,0.0183818647168863,0.0192860474146059,0.0200093935727814,0.020551903191413
1642970710809,0.0145093773533242,0.0182424790138556,0.01914652802535,0.0198697672345454,0.0204121966414419
1642971610491,0.0143705125871187,0.0181030733371523,0.0190069886474074,0.0197301208956113,0.0202724700817642
1642972510317,0.0145811743963016,0.0183129232065458,0.0192164982605045,0.0199393583036713,0.0204815033360464
1642973410955,0.0147934251641462,0.018524367227277,0.0194276032232488,0.0201501920200264,0.0206921336176096
1642974310636,0.0134755532001458,0.0172026274061796,0.0181050155442506,0.0188269260547076,0.0193683589375502
1642975210311,0.0112831989936286,0.0150014344352871,0.0159016122598703,0.0166217545195368,0.0171618612142865
1642976111013,0.0110693122482908,0.0147867152294943,0.015686687346036,0.0164066650392691,0.0169466483091938
1642977010668,0.0107071996010593,0.0144235526917618,0.0153232961276624,0.0160430908763833,0.0165829369379238
1642977910134,0.0108512686007232,0.0145682361703083,0.0154681360482354,0.0161880559505769,0.016727995877333
1642978811030,0.0111492613006388,0.0148673463677349,0.0157675187689099,0.01648765668985,0.0170277601305546
1642979710812,0.0106994440387764,0.0144160938056201,0.0153159385185866,0.0160358142889594,0.0165757211167392
1642980610429,0.0104039213404605,0.0141196400376518,0.015019273423317,0.0157389801318495,0.0162787601632486
1642981510148,0.0105139300288659,0.0142310930732039,0.0151311703130519,0.0158512321049307,0.0163912784488394
1642982411286,0.0106233950295596,0.0143420006442869,0.0152425213282972,0.0159629378755053,0.0165032502859115
1642983311370,0.00868616684401768,0.0124002327487367,0.0132998883171582,0.0140196127718957,0.0145594061129486
1642984210904,0.00877949375202891,0.0124942273917417,0.0133940740158909,0.0141139513152106,0.0146538592897003
1642985110497,0.00880094689977695,0.012515615278283,0.0134154330482559,0.0141352872642337,0.0146751779262175
1642986010214,0.00864847373873423,0.0123627249098262,0.0132624546621345,0.0139822384639814,0.0145220763153662
1642986911876,0.00864544543140711,0.0123597138553913,0.0132594503556005,0.0139792395557681,0.0145190814558935
1642987810767,0.00859310299139726,0.0123071732123348,0.0132068612069152,0.0139266116025796,0.0144664243993275
1642988711243,0.00847739088398769,0.0121910041523368,0.0130905786658886,0.0138102382767302,0.0143499829848615
1642989611680,0.00836165977212944,0.012074816025784,0.0129742770439756,0.0136938458585283,0.0142335224694432
1642990511310,0.00869551013747616,0.0124097279936319,0.013309431000013,0.0140291934051175,0.0145690152089462
1642991411777,0.00902962576256616,0.0127449060880849,0.0136448512827005,0.0143648074383931,0.0149047745551625
1642992311274,0.00871886705070812,0.0124324157615328,0.0133318883872613,0.0140514664878442,0.0145911500632812
1642993211024,0.00840717282845871,0.0121189868673652,0.0130179862186937,0.0137371856997561,0.0142765853105531
1642994110593,0.00839858406945648,0.0121102376875823,0.0130091865322166,0.0137283456079245,0.0142677149147052
1642995011299,0.00838998579084005,0.0121014789570748,0.0130003772878367,0.0137194959524458,0.014258834950903
1642995911598,0.00886854190086628,0.0125815058387022,0.0134807340877854,0.0142001166870522,0.0147396536365021
1642996811298,0.00934769721719153,0.0130621338848196,0.0139616925041144,0.0146813393995506,0.0152210745711274
1642997711087,0.00959316796722143,0.0133082937046709,0.0142079998131439,0.0149277646999226,0.0154675883650062
1642998611737,0.00983887472173595,0.0135546903002637,0.014454544075897,0.0151744270964038,0.0157143393617838
1642999510515,0.00955174877859011,0.0132663673643421,0.0141659185526166,0.0148855595032358,0.0154252902162004
1643000410216,0.0092176044423673,0.0129308723804646,0.0138300855225613,0.0145494560362389,0.0150889839214972
1643001311024,0.00983973188999521,0.0135543198775694,0.0144537649883574,0.0151733210769878,0.0157129881434608
1643002210991,0.0104647504682231,0.0141806679534136,0.0150803472132326,0.0158000906210878,0.0163398981769793
1643003110768,0.0105771866325863,0.0142934368654233,0.015193189378234,0.0159129913884826,0.0164528428961692
1643004011012,0.0106494806408233,0.0143659324377894,0.0152657279304727,0.0159855643246194,0.0165254416202294
1643004910697,0.0107523545403967,0.0144689988614186,0.0153688241435233,0.016088684369207,0.01662857953847
1643005810476,0.0108553236089768,0.0145721607650646,0.0154720159083621,0.016191900023,0.0167318131089786
1643006710167,0.0112056498940232,0.0149237755724101,0.0158239427062139,0.0165440764132576,0.0170841766935401
1643007610824,0.0108533704036013,0.0145702011766651,0.0154700548469573,0.0161899377831904,0.0167298499853659
1643008510565,0.0105502938310071,0.014266000673592,0.0151655813735292,0.0158852459334791,0.0164249943534411
1643009410637,0.0102472036600951,0.0139617865277628,0.0148610942470901,0.015580540422552,0.0161201250541481
1643010310355,0.00997386024630043,0.013687413711158,0.0145864700052463,0.0153057150405163,0.0158451488169689
1643011211435,0.00970717472437377,0.0134197205442375,0.0143185304341207,0.0150375783460275,0.015576864279957
1643012110503,0.00967347596206203,0.0133858863912997,0.0142846624628437,0.0150036833200788,0.0155429489630048
1643013010315,0.00963977553145878,0.0133520505646183,0.0142507928165649,0.014969786618122,0.0155090319692899
1643013911105,0.00967738020781161,0.0133897645574097,0.0142885306529943,0.0150075435294621,0.0155468031868129
1643014811192,0.00971500332096764,0.0134274970472557,0.0143262870003826,0.0150453189628843,0.0155845929347602
1643015711114,0.00965442284845697,0.0133666661860716,0.0142653930163841,0.0149843744806337,0.0155236105788212
1643016610947,0.00959383523546897,0.013305828161075,0.0142044918631881,0.0149234228248782,0.0154626210461462
1643017510788,0.00969415098377246,0.0134064385561175,0.0143051668723977,0.0150241495254217,0.0155633865151896
1643018412611,0.00979451076518334,0.0135070931281667,0.0144058860918215,0.0151249204627451,0.0156641962409378
1643019310873,0.00977016800010944,0.0134826534661732,0.0143814223015368,0.015100437369828,0.0156396986710463
1643020210959,0.00974582450339523,0.0134582130701484,0.0143569577766698,0.0150759535418865,0.0156152003657992
1643021110840,0.010126768672637,0.0138403799076157,0.0147394045013785,0.015458624176389,0.0159980389326471
1643022011262,0.0105080561976043,0.0142228912228854,0.0151221959628318,0.0158416397547887,0.0163812225987563
1643022911371,0.0101409159921992,0.0138543136563267,0.0147532624909821,0.0154724215587068,0.0160117908594999
1643023811218,0.00977363411155063,0.0134855939515333,0.0143841867740546,0.0151030610320713,0.0156422167255839
1643024711235,0.00998644542892513,0.013699096582916,0.014597848516785,0.0153168500638801,0.0158561012242013
1643025611932,0.0101993736129282,0.013912716462845,0.0148116275961963,0.0155307565028771,0.0160701031828878
1643026511077,0.0101739925423974,0.0138872011655875,0.014786076097997,0.0155051760439242,0.0160445010033696
1643027411176,0.0101486086039724,0.0138616829910643,0.0147605217203688,0.0154795927038121,0.0160188959413947
1643028310969,0.00975140805557362,0.0134629706007527,0.0143614386575555,0.0150802131029977,0.0156192939370789
1643029210932,0.00935410833941597,0.0130641587186047,0.0139622560281185,0.0146807338757295,0.0152195922614378
1643030110949,0.00953295184910918,0.0132435267294606,0.0141417389684291,0.014860308759604,0.0153992361029849
1643031011104,0.00971197208522634,0.0134230720442781,0.014321399345979,0.0150400611873396,0.0155790575683601
1643031911231,0.00970824471381504,0.0134192510439506,0.0143175484395857,0.0150361863560935,0.0155751647934743
1643032550466,0.00970454849005975,0.0134154612930693,0.0143137288061286,0.0150323428165753,0.0155713033244107
1643032811663,0.0101579898060786,0.0138703320301812,0.0147689240688331,0.0154877976997549,0.016026952922946
1643032844322,0.0106119736416088,0.014325747059744,0.0152246640331291,0.0159437976118368,0.0164831477958678
1643032917377,0.0107786483245553,0.0144929083618153,0.0153919317147615,0.0161111503971185,0.0166505644088863
1643033710498,0.0109454451929756,0.0146601922486591,0.0155593220733128,0.0162786259330356,0.0168181038278279
1643034610586,0.0105398026185006,0.0142530701987018,0.0151518429293054,0.0158708611137883,0.0164101247521502
1643035510279,0.0101341820717531,0.0138459702484584,0.0147443859016241,0.0154631184241567,0.016002167816056
1643036411547,0.00998505328193056,0.0136963269603279,0.0145946211166508,0.0153132564417089,0.0158522329355024
1643037310328,0.00983596763147898,0.0135467269525473,0.0144448996445605,0.0151634377981711,0.015702341413379
1643038211446,0.00994712123563835,0.0136581201235377,0.0145563354974219,0.0152749077965297,0.0158138370208607
1643039110397,0.0100583688257123,0.0137696075875864,0.0146678657142219,0.0153864722155299,0.015925427091511
1643040010398,0.00985293088010497,0.0135633376426594,0.0144613874012047,0.015179827208041,0.0157186570631682
1643040911404,0.00964744742065426,0.0133570220351511,0.0142548633912822,0.0149731364761871,0.0155118412898658
1643041811255,0.0101299470213407,0.013841079955297,0.0147392790408785,0.0154578383093433,0.0159967577606921
1643042711135,0.0106129804921025,0.0143256734901913,0.0152242307078401,0.015943076481959,0.016482210812548
1643043611274,0.0105748721305123,0.014287420983629,0.0151859429390508,0.0159047605033886,0.0164438736766417
1643044511281,0.0105367785014177,0.014249183257707,0.0151476699620132,0.015866459325458,0.0164055513480419
1643045411153,0.0104779217180035,0.0141901537397067,0.0150886025801871,0.0158073616525716,0.0163464309568599
1643046310961,0.0102257439576849,0.0139371714769032,0.0148354366609664,0.0155540488082166,0.0160930079186541
1643047210661,0.0101407469170769,0.01385191514481,0.0147501223751094,0.0154686881593484,0.0160076124975279
1643048110535,0.0100557649945681,0.0137666739802216,0.0146648232681581,0.0153833426985071,0.0159222322712691
1643049010404,0.00848577977595943,0.012191718724448,0.0130887374489779,0.0138063524286021,0.0143445636633204
1643049911282,0.00692034363350147,0.0106213274110871,0.0115172190028867,0.0122339322763265,0.0127714672314063
1643050810909,0.00671210500522079,0.0104125319446544,0.0113083076381242,0.0120249281928997,0.0125623936089816
1643051710539,0.00650394770290208,0.0102038180699551,0.0110994779264266,0.0118160058116037,0.0123534017254863
1643052610232,0.00606024183531328,0.00975868933251278,0.0106540236008665,0.0113702910155498,0.011907491576562
1643053511154,0.00561690831646744,0.00931393416063897,0.0102089431216816,0.0109249502905158,0.0114619556671411
1643054410968,0.00587278836015126,0.00957080425976953,0.0104660573717772,0.0111822598613833,0.0117194117285875
1643055310713,0.00612859970655655,0.00982760543712091,0.0107231026482855,0.0114395004172174,0.0119767987439159
1643056210396,0.0061082812672355,0.00980725679676664,0.0107027507270812,0.0114191458713324,0.0119564422295211
1643057110375,0.00608796660401056,0.0097869119448486,0.0106824025971604,0.01139879511901,0.011936089510397
1643058010892,0.00566760064186567,0.00936519410801551,0.0102603750177865,0.0109765197456031,0.0115136282914656
1643058910453,0.00524753901387465,0.00894378159989295,0.00983865299663567,0.0105545501140296,0.0110914729520752
1643059810333,0.00376130671210273,0.00745274474308766,0.00834651273717402,0.00906152713244301,0.00959778792889487
1643060711248,0.00227863379280668,0.00596527890072718,0.00685794617645774,0.00757207999704224,0.00810768036248066
1643061612073,0.00599352418466781,0.0097140590801934,0.010616763321434,0.0113389267144266,0.0118805492591709
1643062510916,0.00610999878800556,0.00983101726066637,0.0107338435861408,0.0114561046465202,0.0119978004418051
1643063411509,0.00584059068321885,0.00956062579605987,0.0104632147028347,0.0111852858282548,0.0117268391723195
1643064309891,0.0063290150779447,0.0100494574349113,0.0109520191730172,0.0116740685635017,0.0122156056063651
1643065210889,0.00691327005446052,0.0106344328273889,0.0115370396672492,0.0122591251391373,0.0128006892430539
1643066110423,0.00557709625316449,0.00929317185680745,0.0101945313079517,0.0109156188688668,0.0114564345395536
1643067011949,0.00535911646814458,0.00907446275122292,0.00997565216858143,0.0106966037024681,0.011237317352883
1643067910526,0.00621868189136854,0.00993720599005821,0.0108391663272878,0.0115607345970714,0.0121019107994087
1643068810840,0.00707165579505298,0.0107933361684405,0.0116960624545608,0.012418243483457,0.0129598792551291
1643069710523,0.00629782038081572,0.0100166031020203,0.0109186231213683,0.0116402391368466,0.0121814511484555
1643070610267,0.00552384801783701,0.00923973263931344,0.0101410462886096,0.0108620972080469,0.0114028853976242
1643071511615,0.00514334398791649,0.0088576333222159,0.00975854297955103,0.0104792707054191,0.0110198164998201
1643072410545,0.00440021618890074,0.00811172519102654,0.0090119573844778,0.0097321431392392,0.0102722824553101
1643073310329,0.00485666773818472,0.00856956094597683,0.00947010162091733,0.0101905341608695,0.0107308585658337
1643074211007,0.00532035614768778,0.00903465721101626,0.00993551182510788,0.0106561955163813,0.0111967082848361
1643075110962,0.00436724958632251,0.00807792197059154,0.00897788682650202,0.00969785871122997,0.0102378376247763
1643076011524,0.00341366709975222,0.0071207092496508,0.0080197839884617,0.00873904377951051,0.00927848862279701
1643076910346,0.0047477283559445,0.00845909964016456,0.00935917029770006,0.0100792268237289,0.0106192692182503
1643077811035,0.00608560488026511,0.00980131776700355,0.0107023872205401,0.0114232427833696,0.0119638844554915
1643078710937,0.00490876661087003,0.00862010835695903,0.00952011556233057,0.0102401213266283,0.0107801256498514
1643079611949,0.00620238352623992,0.00991847804254009,0.010819635564437,0.0115405615819548,0.0120812560950931
1643080510407,0.00676778587359772,0.0104856741884187,0.0113872401693156,0.0121084929540325,0.0126494325425703
1643081409971,0.00758796405156992,0.0113085866088023,0.0122107890632224,0.0129325510267584,0.0134738724994106
1643082310568,0.00714047622138358,0.0108596669430723,0.0117615420861781,0.0124830422006623,0.0130241672865254
1643083210554,0.00669340572216459,0.0104111659721364,0.0113127141186569,0.0120339526358726,0.0125748815237845
1643084110345,0.00671502185385742,0.0104329918850539,0.011334602620755,0.0120558912093165,0.0125968576507374
1643085011479,0.00673659333523191,0.0104547730017372,0.0113564462929474,0.0120777849259153,0.0126187889006411
1643085910074,0.0070621522081411,0.0107814715843872,0.0116834156085834,0.0124049708279406,0.012946137242458
1643086810941,0.00703135141316125,0.0107504943413592,0.0116523899237289,0.0123739063896247,0.0129150437390466
1643087710907,0.00759350606799591,0.0113145618947643,0.012216906638312,0.0129387824331499,0.0134801892792784
1643088611391,0.00779940206907592,0.0115210549667375,0.0124235297728292,0.0131455096177033,0.0136869945013587
1643089511449,0.00707652988006524,0.0107956813100403,0.0116975646762292,0.0124190713691803,0.0129602013888934
1643090410249,0.00652272084065353,0.0102399949409373,0.0111414381994597,0.0118625928062777,0.012403458761391
1643091311284,0.00706900221427431,0.0107880257257842,0.0116898690443932,0.0124113436992808,0.0129524496904465
1643092210639,0.00761603463658811,0.0113368100137312,0.0122390539588293,0.0129608491149076,0.0135021954819663
1643093111198,0.00810134661969264,0.0118236774407223,0.0127262772221373,0.0134483570472692,0.013989916916118
1643094010872,0.00859379839094876,0.012317707988506,0.0132206689906931,0.0139430377924432,0.0144848143937555
1643094910978,0.00858458727355416,0.0123084128478519,0.0132113489655508,0.01393369785971,0.0144754595303294
1643095810927,0.00857537477149228,0.0122991163180057,0.0132020275501719,0.0139243565359048,0.0144661032752045
1643096710949,0.00880456573214672,0.012529110190296,0.0134322122042685,0.0141546938154462,0.0146965550238296
1643097610798,0.00903381537884829,0.0127591629404182,0.0136624557804548,0.014385090052484,0.0149270657565057
1643098510750,0.00887068323766416,0.012595512393544,0.0134986870999996,0.0142212268651638,0.0147631316890375
1643099410538,0.00899755362302135,0.0127228120938863,0.0136260873715321,0.0143487075936486,0.0148906727602363
1643100310423,0.00884369707330923,0.0125684685820959,0.0134716330976485,0.0141941647100907,0.0147360634194222
1643101210588,0.00897983423149995,0.012705066470065,0.0136083389216446,0.0143309568829086,0.0148729203538565
1643102110463,0.00903752520416901,0.0127629817973451,0.0136663096732619,0.0143889719739954,0.0149309686995458
1643103010161,0.00913481855149345,0.0128606289188062,0.0137640420851044,0.014486772618143,0.0150288205179219
1643103910875,0.00909911882199355,0.0128248419352879,0.0137282379630466,0.0144509547852538,0.0149929924019088
1643104810732,0.00899742807805981,0.0127228482804269,0.0136261774026669,0.0143488407004586,0.0148908381738024
1643105710190,0.00908336217810102,0.012809137117346,0.0137125556328728,0.0144352904452945,0.0149773415546106
1643106611033,0.00910327477210449,0.0128291886916716,0.0137326468105112,0.0144554133055828,0.0149974881768864
1643107510654,0.00880922492760328,0.0125342536918216,0.013437515267088,0.0141601245273015,0.0147020814724617
1643108410841,0.00851543226240703,0.0122395767117316,0.0131426419373766,0.0138650941178926,0.0144069332532795
1643109310714,0.00830744322879862,0.0120309147627289,0.0129338253918223,0.013656153895097,0.014197900272553
1643110210820,0.0080995216579629,0.0118223204969659,0.0127250765803846,0.0134472814471194,0.0139889350971705
1643111110964,0.00771253353037715,0.0114340759979223,0.0123365429947746,0.0130585165922563,0.0135999967903675
1643112011125,0.00732579967609515,0.0110460866031412,0.011948264705187,0.0126700071868235,0.013211314048051
1643112910724,0.00761942257138593,0.011340952987029,0.0122434469805874,0.0129654421754342,0.0135069385715691
1643113810249,0.00791281350926298,0.0116355866554725,0.0125383963656136,0.0132606441337262,0.0138023299598107
1643114711834,0.00806511561486833,0.0117884566161235,0.0126914045164364,0.0134137628366864,0.013955531576874
1643115610766,0.00821741394291053,0.011941322786867,0.0128444088745026,0.0135668777446107,0.014108729397192
1643116510482,0.00825862951266543,0.011982710378343,0.0128858399671874,0.0136083436382626,0.014150221391569
1643117410378,0.00829984073298973,0.0120240936061746,0.0129272666929472,0.0136498051623655,0.014191709014429
1643118311274,0.00848149467190562,0.0122064859817934,0.0131098442315125,0.0138325308312877,0.0143745457811191
1643119211117,0.00867627070333055,0.0124020433325776,0.0133055966412401,0.0140284392881702,0.0145705712733679
1643120111022,0.00878209076638981,0.012508343451147,0.0134120212204794,0.0141349634359458,0.014677170097545
1643121010932,0.00888786417670295,0.0126145967645102,0.0135183989593297,0.0142414407151852,0.0147837220320768
1643121910588,0.00891667635310389,0.0126435758736145,0.0135474240070266,0.0142705025137562,0.0148128113938035
1643122815216,0.00893229078058666,0.0126593141039018,0.0135631982228532,0.0142863055180147,0.0148286359893854
1643123710944,0.00931567385645882,0.0130441680143607,0.013948413765239,0.0146718103659416,0.0152143578164687
1643124610674,0.00969896132125569,0.0134289260012899,0.0143335333119903,0.0150572191605507,0.0155999835469707
1643125511396,0.00990159875214314,0.0136323082251892,0.0145370958258624,0.0152609259064007,0.0158037984668045
1643126417940,0.0101042409655145,0.0138356952472019,0.0147406631414544,0.0154646374568561,0.0160076181934075
1643127313035,0.0102192247992723,0.0139511230954992,0.0148562004092292,0.0155802622602135,0.0161233086484514
1643128211684,0.0103342049953374,0.0140665472942163,0.0149717340246804,0.0156958834090519,0.0162389954473305
1643129110850,0.0104525093981722,0.0141852952509063,0.0150905901418432,0.0158148260545925,0.0163580029891546
1643130010985,0.0105708102197,0.0143040396145859,0.0152094426632945,0.0159337651022611,0.0164770069314859
1643130910757,0.0106380199512379,0.0143715217761164,0.0152769930725207,0.0160013701096442,0.0165446528874866
1643131810737,0.010705225140798,0.0144389993808258,0.0153445389215008,0.0160689705540407,0.0166122942784457
1643132711005,0.0108640546838554,0.014598467507106,0.0155041665932678,0.0162287258621969,0.0167721453138938
1643133611030,0.0110228851701755,0.0147579365797317,0.0156637952120913,0.0163884821179787,0.0169319972973943
1643134511410,0.0112032805272197,0.0149389727461373,0.0158449844831239,0.0165697938727134,0.0171134009149057
1643135410665,0.0113837100530734,0.0151200431930154,0.0160262080603977,0.0167511399543037,0.0172948388747329
1643136310533,0.0113685352472126,0.0151048252065424,0.016010980762361,0.016735905207016,0.017279598540507
1643137210824,0.0113533633092624,0.0150896100973523,0.0159957563437698,0.0167206733409038,0.0172643610887542
1643138110916,0.0114572195222462,0.0151938547293329,0.0161000956059085,0.0168250883071692,0.0173688328331143
1643139011094,0.0115610734506171,0.015298097069234,0.0162044325742452,0.0169295009782537,0.0174733022812601
1643139911126,0.0113411009304363,0.0150774305714858,0.015983608463753,0.0167085507775671,0.017252257512927
1643140811145,0.0111212696373166,0.0148569057623253,0.0157629261483547,0.0164877424571783,0.0170313546887961
1643141711227,0.0112784851508092,0.0150147074501961,0.0159208704844738,0.0166458009118962,0.0171894987324628
1643142611299,0.0114356967761755,0.015172505237234,0.0160788109168282,0.0168038554605034,0.0173476388682596
1643143511520,0.0113688430675283,0.0151054368231538,0.0160116933395713,0.0167366985527058,0.0172804524625561
1643144410648,0.0113020016792831,0.0150383807697383,0.0159445881322711,0.016669554022297,0.0172132784398167
1643145310589,0.0115699805269551,0.0153073345357158,0.0162137769846751,0.0169389309438428,0.0174827964132183
1643146210929,0.0118379785300875,0.0155763075197537,0.0164829850695856,0.0172083271094514,0.0177523336393508
1643147110713,0.0115395596258214,0.0152768142198723,0.0161832337269761,0.0169083693326586,0.0174522210369206
1643148010658,0.0118715124057256,0.0156105595805054,0.0165174648802722,0.0172429891200854,0.0177871322999452
1643148910282,0.0112615229861501,0.0149985378928421,0.0159049702500844,0.0166301161358784,0.0171739755502238
1643149811168,0.0105950398125925,0.0143298378310852,0.0152357546411623,0.0159604880892239,0.0165040381752701
1643150712031,0.0101628354846013,0.0138962010857326,0.0148017853015319,0.0155262526741715,0.0160696032036511
1643151611258,0.00982431990789756,0.0135565992338911,0.0144619348072379,0.0151862032659149,0.0157294046099226
1643152511218,0.00959367041443482,0.0133252348225266,0.0142304093723995,0.014954549012298,0.0154976537422218
1643153410843,0.00972061496584797,0.0134526330640268,0.0143579162691931,0.0150821428333265,0.0156253127564263
1643154310693,0.00936106549836513,0.0130925888396116,0.0139978271854018,0.0147220178620335,0.0152651608695071
1643155210573,0.0091944633730745,0.0129261225042583,0.0138314615014878,0.0145557326992711,0.0150989360976088
1643156111078,0.00908440636520491,0.0128157367530248,0.0137210030370964,0.0144452160643538,0.0149883758347966
1643157011800,0.00896777240737889,0.0126987525585343,0.0136039411694555,0.0143280920581925,0.0148712052247453
1643157911279,0.00862194562494212,0.0123518280515698,0.0132567666458343,0.0139807175212456,0.0145236806778042
1643158811973,0.00896777240737889,0.0126987525585343,0.0136039411694555,0.0143280920581925,0.0148712052247453
1643159710846,0.00904800570978215,0.0127792171412118,0.0136844559738085,0.0144086470398861,0.0149517903394443
1643160611287,0.0091944633730745,0.0129261225042583,0.0138314615014878,0.0145557326992711,0.0150989360976088
1643161511547,0.00864497533667463,0.0123743851354121,0.0132791588329153,0.0140029777909176,0.0145458420094193
1643162411118,0.0091944633730745,0.0129261225042583,0.0138314615014878,0.0145557326992711,0.0150989360976088
1643163311856,0.00908440636520491,0.0128157367530248,0.0137210030370964,0.0144452160643538,0.0149883758347966
1643164210795,0.0089743902046544,0.0127053919825981,0.0136105855843172,0.0143347404656917,0.0148778566267227
1643165111087,0.00870464328965137,0.0124347959700852,0.0133397969306128,0.0140637976990345,0.0146067982753511
1643166011297,0.00843511370918604,0.0121644180023535,0.0130692264855921,0.0137930732721827,0.0143359583621256
1643166911073,0.00836861562886893,0.0120977704813516,0.013002551394439,0.0137263761249087,0.0142692446727612
1643167811714,0.00830216017363772,0.0120311657247332,0.0129359190998148,0.0136597217998804,0.0142025738249294
1643168710542,0.00818635467429507,0.0119149874321547,0.0128196553543751,0.0135433896921513,0.0140861904454836
1643169611290,0.00807058053914278,0.0117988406062643,0.0127034230992764,0.0134270890936858,0.0139698385894931
1643170511365,0.00791707527510188,0.0116448536759508,0.0125493270516326,0.0132729057521781,0.0138155897775873
1643171411902,0.00776364104851246,0.011490938015237,0.0123953023271617,0.0131187937767012,0.0136614123638559
1643172310601,0.00795951764496006,0.0116875184567713,0.0125920516879914,0.0133156782729675,0.0138583982116998
1643173210885,0.00815541780240725,0.0118841225363016,0.0127888247045862,0.0135125864392134,0.0140554077401842
1643174110763,0.00803413968092159,0.0117625336768621,0.0126671728584353,0.0133908842036936,0.0139336677126374
1643175010432,0.00791300115928806,0.011641084873484,0.0125456611736248,0.0132693222137372,0.0138120679938214
1643175910290,0.00737337407978478,0.0110997067502314,0.0120038802313158,0.0127272190161836,0.013269723104834
1643176811022,0.0068343623695537,0.0105589460072619,0.0114627171333699,0.0121857340342559,0.0127279967099203
1643177710733,0.00692953100518579,0.010654596465987,0.0115584961877107,0.0122816159650891,0.0128239557981229
1643178611072,0.0070246446449731,0.0107501917491422,0.0116542200250065,0.0123774426456975,0.0129198596112161
1643179511013,0.00702191053029377,0.0107475086541988,0.0116515548131235,0.012374791740263,0.0129172194356177
1643180416101,0.00693988882478025,0.0106652788586472,0.0115692831060694,0.0122924865040066,0.0128348890524599
1643181311270,0.00757159137811003,0.0112994059049867,0.0122040063448707,0.012927686696778,0.0134704469607081
1643182211274,0.00820303889649465,0.0119332770829337,0.0128384735229461,0.0135626306749554,0.0141057485389626
1643183111156,0.00778626782336556,0.0115151557021249,0.0124200417237887,0.0131439505411202,0.0136868821541183
1643184011468,0.0073698661173085,0.0110974048954697,0.0120019807773433,0.0127256414828418,0.0132683870119659
1643184911400,0.00881071192007243,0.0125437070822043,0.0134496183226473,0.0141743473150013,0.0147178940592669
1643185810768,0.0102507588241347,0.0139892077594574,0.0148964537559819,0.0156222505532015,0.0161665981511163
1643186711174,0.00949517379152609,0.0132316335097988,0.0141384693688613,0.0148639380561104,0.0154080395715475
1643187611149,0.00874247626858105,0.0124769562061104,0.0133833841053188,0.0141085264246854,0.0146523831642107
1643188510770,0.0113767464223953,0.0151210360663099,0.0160298501215372,0.0167569013657192,0.0173021897988557
1643189410615,0.0140103383141839,0.0177644354479409,0.0186756351476773,0.0194045949074666,0.0199513147273085
1643190310482,0.0144655779105676,0.0182213546860421,0.0191329615527718,0.0198622470461551,0.0204092111661927
1643191210657,0.0149208319699625,0.0186782884344197,0.0195903024790489,0.0203199137147527,0.0208671221415304
1643192110559,0.0131604927797331,0.0169122029119948,0.0178228915331571,0.0185514424300863,0.0190978556027837
1643193010498,0.0114063067006578,0.0151522906089305,0.0160616584469802,0.01678915271742,0.01733477342025
1643193910066,0.0113053108134997,0.0150510295265656,0.0159603427744972,0.0166877933728429,0.0172333813216019
1643194811328,0.0112043753036339,0.0149498290188042,0.0158590877221514,0.0165864946848289,0.017132049906837
1643195711178,0.0112647228908298,0.0150104910903224,0.0159198343165634,0.0166473088975563,0.0171929148333005
1643196611228,0.0113250455133125,0.0150711281155433,0.0159805558458512,0.0167080980300978,0.0172537546682823
1643197510949,0.0114261584136122,0.0151726329132043,0.0160821573443326,0.0168097768892352,0.0173554915479124
1643198411913,0.0115272668354436,0.0152741332177617,0.016183754346333,0.0169114512491901,0.0174572239263331
1643199310858,0.0115063859380165,0.0152532338558631,0.0161628557952544,0.0168905533467669,0.0174363265104014
1643200210964,0.0114855272421572,0.015232356768087,0.0161419795350404,0.0168696777486033,0.0174154514087754
1643200806512,0.0117994153393697,0.0155474742633044,0.016457401485972,0.0171853432641063,0.017731299597707
1643201111065,0.0121132167051692,0.0158625047436729,0.0167727363566466,0.0175009216470254,0.0180470606148095
1643202011381,0.0124836405410509,0.0162344279535784,0.0171450350080484,0.0178735206516245,0.0184198848843065
1643202910533,0.0128539447550318,0.0166062311506618,0.0175172135564157,0.0182459994810187,0.0187925889244709
1643203810460,0.0130732400196523,0.0168263252685859,0.0177375004013409,0.0184664405075452,0.0190131455871985
1643204710555,0.0132925497692842,0.0170464339188572,0.0179578017895379,0.0186868960860822,0.0192337168084904
1643205248141,0.0128910170617456,0.016643640294979,0.0175547224105097,0.0182835881029344,0.0188302373722524
1643205610571,0.0124899161275687,0.0162412798554872,0.0171520765414885,0.0178807138902897,0.0184271919018906
1643206510552,0.0122149469418993,0.0159654769344195,0.0168760878287206,0.0176045765441613,0.0181509430807416
1643207410466,0.011940260739201,0.0156899579211041,0.0166003832371151,0.0173287234899242,0.0178749786795307
1643208315887,0.0119580475175096,0.0157078182861694,0.0166182621590876,0.0173466172574221,0.0178928835811727
1643209211036,0.0119758336782985,0.0157256780316968,0.0166361404610562,0.0173645104045437,0.0179107878621592
1643210110985,0.011446156258486,0.015194329594675,0.016104412513954,0.016832478849377,0.0173785286009442
1643211011073,0.0109171842788016,0.0146636889031417,0.0155733928443462,0.0163011559973096,0.0168469783620322
1643211912031,0.0102087777943198,0.0139529884809277,0.0148621652035807,0.0155895065817031,0.0161350126152948
1643212811495,0.00950197395477193,0.0132438959410492,0.0141525466537822,0.0148794672239683,0.0154246576516079
1643213710458,0.00952503383406622,0.013267057197526,0.0141757339561881,0.0149026753631176,0.015447881418315
1643214610480,0.00954809205543272,0.0132902167906568,0.0141989195939978,0.0149258818366704,0.015471103518675
1643215510558,0.00968361266365791,0.0134262802012717,0.0143351184488283,0.0150621890468734,0.0156074919954075
1643216410778,0.0098191138120729,0.0135623240884826,0.0144712977655792,0.0151984767072566,0.0157438609135141
1643217310883,0.00992405144541064,0.0136676740368613,0.0145767499334357,0.0153040106506956,0.0158494561886404
1643218210858,0.0100289962588984,0.0137730311888546,0.0146822093103225,0.0154095518074964,0.0159550586803769
1643219110347,0.0100434096118867,0.013787510497999,0.0146967057612737,0.0154240619718935,0.0159695791298584
1643220011247,0.010057826204261,0.0138019930571158,0.0147112054646408,0.0154385753906605,0.0159841028351753
1643220911007,0.0102536468326491,0.0139985305452748,0.014907916220293,0.0156354247603077,0.0161810561653186
1643221811201,0.0104494755549989,0.0141950761538461,0.0151046351024622,0.0158322822613548,0.0163780176305242
1643222711238,0.00974622582888207,0.0134895791309879,0.0143986246597836,0.0151258610828207,0.0156712884000982
1643223611394,0.00904425562799926,0.0127853658148178,0.0136938988887452,0.014420725347887,0.0149658451922436
1643224510305,0.00909939545827898,0.0128407574846636,0.0137493559758055,0.0144762347687195,0.0150213938634045
1643225411189,0.00915452580749476,0.0128961396424616,0.0138048035436684,0.0145317346646341,0.0150769330053582
1643226311296,0.00947115775506924,0.0132139564103775,0.0141229090240629,0.0148500711150115,0.0153954426832228
1643227211711,0.00981723429569659,0.0135613139955064,0.0144705775272465,0.0151979883526383,0.015743546471682
1643228110767,0.00951408650828367,0.0132570254536351,0.0141660104419459,0.0148931984325946,0.0154385894255811
1643229010296,0.00921093437007325,0.0129527325467473,0.0138614389883487,0.0145884041416293,0.0151336280065899
1643229911124,0.0099222974015396,0.0136663486499611,0.0145755677308037,0.0153029429954781,0.015848474443984
1643230810848,0.0106349343001155,0.0143812427832484,0.0152909754640171,0.0160187616086325,0.0165646012170939
1643231710706,0.0104884236770875,0.014234202462357,0.015143807718037,0.0158714919225811,0.0164172550759889
1643232610350,0.0103419220815766,0.0140871711984849,0.0149966490358839,0.0157242313058035,0.0162699180082426
1643233511320,0.0101553773129606,0.013899939883365,0.01480925144864,0.01553670070086,0.0160822876400251
1643234411188,0.0108456725334172,0.0145804638212337,0.0154862949314551,0.0162109598196327,0.0167544584857655
1643235310914,0.0103535501521221,0.0140863583853998,0.0149916936750742,0.0157159619068135,0.0162591630806181
1643236214805,0.00986125388602122,0.0135920784965082,0.0144969178345005,0.0152207893048943,0.0157636929076896
1643237110530,0.0101738444571353,0.0139060654168999,0.0148112651819174,0.0155354249939315,0.0160785448529417
1643238010691,0.011112962123579,0.0148486269067887,0.0157546595928699,0.0164794857417352,0.0170231053533838
1643238910466,0.0104412089481989,0.0141750675998649,0.0150807231390142,0.0158052475703339,0.0163486408938234
1643239810317,0.00977126136189366,0.013503319782634,0.0144085995365326,0.0151328233396515,0.0156759911919906
1643240711011,0.00979998286950057,0.0135325714258869,0.0144380179743249,0.0151623752130758,0.0157056431421387
1643241611009,0.00982834457497606,0.0135614620911844,0.014467075162818,0.0151915656201254,0.0157349334631054
1643242511499,0.0103035125456095,0.01403937859968,0.0149457477889809,0.0156708431404218,0.0162146646540025
1643243410443,0.010776401377423,0.0145150085211903,0.0154221321093506,0.0161478309798793,0.0166921051327755
1643244311054,0.00998149687215122,0.0137180006326689,0.0146246891973991,0.0153500400491831,0.015894053188021
1643245211700,0.00918945958442619,0.0129238693316853,0.0138301250352908,0.0145551295981754,0.0150988830203387
1643246110466,0.00935485147878334,0.0130899827179047,0.0139964233627277,0.0147215758785861,0.0152654402654797
1643247010112,0.00909724644689547,0.0128313548440322,0.0137375410053018,0.0144624899343178,0.0150062016310792
1643247910755,0.0101356704685318,0.013872866978359,0.0147797346582947,0.0155052288022439,0.0160493494102056
1643248811198,0.0111782333493415,0.0149185314975422,0.0158260838174562,0.0165521256733878,0.0170966570653366
1643249710787,0.0109803919558458,0.0147198546495175,0.0156271949222522,0.0163530671404399,0.0168974713040806
1643250610159,0.0107824721485366,0.0145210991314251,0.0154282272978445,0.0161539298309801,0.0166982067308317
1643251510895,0.0100104577401638,0.0137453660987918,0.0146515142814525,0.0153764328275807,0.0159201217371767
1643252411638,0.00923538748547137,0.0129665672334129,0.0138717331277547,0.0145958658432281,0.0151389653798331
1643253310606,0.00845672995508795,0.0121849287960674,0.0130893623332577,0.0138129091630104,0.0143555692853248
1643254211398,0.00767858730725601,0.0114038069238962,0.0123075084922335,0.013030469746903,0.013572690687905
1643255112156,0.00816295949806256,0.0118893728900877,0.0127933102923967,0.0135164602142444,0.0140588226556297
1643256010885,0.00864892032420617,0.0123765326832346,0.013280707117582,0.0140040466650599,0.0145465513256682
1643256910804,0.00856109210586942,0.012288298666296,0.0131923673515306,0.0139156222997185,0.0144580635108593
1643257810561,0.00847325224689843,0.0122000529706816,0.0131040158980253,0.0138271862399,0.014369563996306
1643258710233,0.0074967896486422,0.0112201432850005,0.0121232846413355,0.0128457977264029,0.0133876825402037
1643259611144,0.00652125732137421,0.0102411669104086,0.0111434873972962,0.0118653437868066,0.0124067360789391
1643260510746,0.00761174058788261,0.0113352096999098,0.0122383511925259,0.012960864386619,0.0135027492821889
1643261410732,0.00870471301666598,0.0124317497862028,0.0133357141617438,0.0140588856621768,0.0146012642875017
1643262310609,0.00918179486695614,0.0129103763986984,0.0138146957977472,0.0145381513169862,0.0150807429564155
1643263210726,0.00968969808507136,0.0134199379229563,0.0143246398543453,0.015048401399457,0.0155912225582904
1643264110536,0.0105013600746764,0.0142342603212753,0.0151395770000227,0.0158638303430203,0.0164070203502684
1643265010570,0.0113145588145953,0.0150501244919685,0.0159560570770103,0.0166808031450438,0.0172243626960689
1643265910572,0.0113606979079985,0.0150964185145357,0.0160023872751158,0.0167271622835798,0.0172707435399282
1643266810327,0.0111827955046122,0.014917938878559,0.0158237748542727,0.0165484436348435,0.0170919452202718
1643267711146,0.0112705470488852,0.0150059892589496,0.0159118954263837,0.0166366203603314,0.017180164060792
1643268611053,0.0111342697194967,0.0148692786451767,0.015775086053446,0.0164997319800624,0.0170432164250243
1643269510899,0.0111730878387215,0.0149083465470932,0.0158142241234582,0.0165389261845508,0.0170824527303699
1643270410987,0.0111067271839806,0.0148418919535618,0.0157477603776797,0.0164724551169744,0.0170159761714452
1643271310773,0.0108097384920707,0.0145440537510948,0.0154497384681356,0.0161742862417678,0.016717697071992
1643272210859,0.0102585084490867,0.0139909012620176,0.0148961300038319,0.0156203129972836,0.0161634502423722
1643273110687,0.0103199693869207,0.0140526237614884,0.0149579190498017,0.0156821552804529,0.0162253324534412
1643274010783,0.0103814438483241,0.0141143598287234,0.0150197216737349,0.0157440111497447,0.0162872282567514
1643274910318,0.0104380269630138,0.0141711881873776,0.015076612774849,0.0158009524448259,0.0163442071973088
1643275811603,0.0104946345058732,0.0142280410540323,0.0151335284023857,0.0158579182810681,0.0164012106900802
1643276710563,0.0105482167339312,0.0142818123391455,0.0151873447377053,0.0159117706565528,0.0164550900956888
1643277610576,0.010601803462496,0.0143355881394724,0.0152411655916325,0.0159656275533606,0.0165089740246567
1643278510558,0.0107571659289531,0.0144915631529541,0.0153972926437462,0.0161218762363795,0.0166653139308548
1643279410747,0.0109126127848962,0.0146476228317047,0.0155535044247705,0.0162782096992231,0.0168217386550624
1643280310777,0.0110165670728279,0.0147519451200746,0.015657914518052,0.0163826900364341,0.0169262716752203
1643281211602,0.0109879707220013,0.0147232270365778,0.0156291654606673,0.0163539161999386,0.0168974792543921
1643282110651,0.0114058010218125,0.0151424510754283,0.0160487140133374,0.0167737243636645,0.0173174821264095
1643283011041,0.0118241520409903,0.0155621975353426,0.0164687853797703,0.0171940556553127,0.0177380083619691
1643283910802,0.0121743185598531,0.0159136660061274,0.0168205703618605,0.0175460938464476,0.0180902364598876
1643284810983,0.0125244775795939,0.016265126953283,0.0171723478146666,0.0178981245037739,0.0184424570206041
1643285710883,0.0119540238198652,0.0156929929776477,0.0165998448473794,0.017325326343165,0.0178694374650041
1643286610969,0.0113848795002061,0.0151221727212978,0.0160286565868892,0.0167538436793619,0.0172977339987166
1643287510974,0.0119305651187422,0.0156696608569387,0.0165765626475942,0.0173020840801186,0.0178462251545122
1643288410944,0.0124768572570537,0.0162177574944451,0.0171250776675707,0.0178509338060715,0.0183953259099467
1643289310912,0.0124947008848491,0.0162357159958355,0.0171430684417195,0.0178689503984271,0.0184133618659574
1643290210685,0.0125125420305696,0.0162536720070396,0.0171610567238105,0.0178869644972273,0.0184313953272897
1643291110411,0.0125516323648445,0.0162930107511552,0.0172004650886708,0.0179264285586833,0.0184709011611925
1643292010691,0.0126039137138776,0.01634558361792,0.017253117524155,0.0179791446491435,0.0185236649928846
1643292522760,0.0114849471737826,0.0152230432806855,0.0161297609175894,0.0168551350271122,0.0173991656092545
1643292910664,0.0103096260245814,0.0140439641689554,0.0149498230368226,0.0156745101311162,0.0162180254518365
1643293810524,0.0102166054505035,0.0139506637388034,0.014856460483579,0.0155810978793993,0.0161245759262647
1643294710355,0.0101367913158803,0.0138706129064048,0.014776357487696,0.0155009531527295,0.0160443999015041
1643295612741,0.0101739795966225,0.0139079295048066,0.0148137043894814,0.0155383242972216,0.0160817892280267
1643296510780,0.0101518510277152,0.0138857354076452,0.0147914958620317,0.0155161042255407,0.0160595604981724
1643297410330,0.0100944068188309,0.0138281558858608,0.0147338904550065,0.0154584781103226,0.0160019188518101
1643298311320,0.0100369807409408,0.0137705945543225,0.0146763032519006,0.0154008702099633,0.0159442954285103
1643299212021,0.00970706836067303,0.0134396598359594,0.0143451382959827,0.0150695210640015,0.0156128081400155
1643300111004,0.00937738431121971,0.0131089541945897,0.0140142025892536,0.0147384013049843,0.0152815503417829
1643301011967,0.00945269788942715,0.0131845508488451,0.0140898683342154,0.0148141223225122,0.0153573128137345
1643301910928,0.00932595342888365,0.0130574291439607,0.0139626633384102,0.0146868506939701,0.0152299912106399
1643302811582,0.00934897184721351,0.0130806046109173,0.0139858833851743,0.0147101064045794,0.0152532736691335
1643303710798,0.00952973193984952,0.0132620372478482,0.0141674795624507,0.0148918334141321,0.0154350988028937
1643304610718,0.00967934340488319,0.0134121598865982,0.01431772243133,0.015042172467115,0.0155855099939541
1643305510729,0.00972527111795651,0.0134582154428771,0.0143638052229227,0.0150882770469594,0.0156316309149869
1643306411668,0.00986798075139794,0.0136014136950302,0.0145071185002039,0.015231682344343,0.0157751052274471
1643307310821,0.00990701220154344,0.0136405504515738,0.0145462772912601,0.0152708587630095,0.0158142948668212
1643308211324,0.00976377632293013,0.013496801232985,0.0144024049988265,0.0151268880114996,0.0156702502710042
1643309111347,0.00962055190697986,0.0133530635145189,0.0142585442151599,0.0149829287756726,0.0155262171960571
1643310012176,0.00911909332731042,0.0128499296051525,0.0137550199642056,0.0144790922514482,0.0150221464668798
1643310911019,0.0086182053363375,0.0123473681491511,0.0132520685969251,0.0139758289551439,0.0145186492238079
1643311811070,0.00876164751433817,0.0124912421391967,0.0133960384704386,0.0141198755354319,0.014662753334177
1643312711055,0.00890517999724172,0.0126352067292592,0.0135400990120724,0.0142640128383227,0.0148069482080107
1643313611740,0.00990238134768595,0.0136357038608885,0.0145413604740561,0.01526588576459,0.0158092797324902
1643314510584,0.0107291667976894,0.0144651542708849,0.0153714221093539,0.0160964363801297,0.0166401970832115
1643315410466,0.0107682894012842,0.0145043489191867,0.0154106276967374,0.0161356507187773,0.0166794179853074
1643316310349,0.0108074324536953,0.014543564083132,0.0154498538151844,0.0161748856008261,0.0167186594400575
1643317211674,0.0107060299323025,0.0144417777676771,0.015347973591056,0.0160729302497591,0.0166166477437866
1643318110760,0.0106046256558439,0.0143399896914207,0.0152460916048027,0.0159709731355082,0.0165146342835374
1643319010921,0.010667076627646,0.0144026379640361,0.0153087847167588,0.0160337021189367,0.0165773901705701
1643319910604,0.0107295474960034,0.0144653061982278,0.0153714978052961,0.0160964510909507,0.0166401660551916
1643320810869,0.0058041227767569,0.0095222860739157,0.0104242644325856,0.0111458471195212,0.0116870341347226
1643321710562,0.00610191707339602,0.00981986162391246,0.01072166804712,0.0114431131856862,0.0119841970396106
1643322610197,0.00545160268674394,0.0091677926904965,0.0100692319882194,0.0107903834263978,0.0113312470050315
1643323511817,0.00567026679162863,0.00938758201744361,0.0102893228245688,0.0110107154702692,0.0115517599545443
1643324411577,0.0058886740508941,0.00960711365940647,0.0105091557822345,0.011230789480497,0.0117720147541938
1643325310479,0.00588478955457594,0.00960626511118967,0.0105093184883134,0.0112317611900121,0.0117735932162863
1643326210336,0.00588211390864046,0.00960662936384726,0.0105106949069182,0.0112339473413756,0.011776386667218
1643327111955,0.00596070298666773,0.00968549148310482,0.0105896216878847,0.0113129258517088,0.0118554039745764
1643328011029,0.00573355777433626,0.00945762018033625,0.0103615844779781,0.0110847559160918,0.011627134494677
1643328910831,0.00528081541080261,0.00900392956372853,0.00990772917190785,0.0106307688584515,0.0111730486233588
1643329810247,0.0048165912250373,0.00853871960259545,0.00944234586232118,0.0101652468701012,0.0107074226259363
1643330711717,0.00483735762598148,0.0085604697801136,0.00946441639494955,0.0101875736868182,0.0107299416557196
1643331611533,0.00485767284450667,0.00858176730076088,0.009486033930449,0.0102094472341996,0.0107520072120124
1643332510260,0.00478581616197182,0.00850983491765467,0.00941410029253475,0.0101375125924388,0.010680071817367
1643333411310,0.00503970586660074,0.008764395202012,0.00966879911150564,0.0103923222391007,0.0109349645847967
1643334311205,0.00384559503030846,0.00756578890547033,0.00846909496149983,0.00919173980632348,0.00973372343994083
1643335210835,0.00265110147643188,0.00636679864063394,0.0072690065545733,0.00799077288572514,0.00853209763408902
1643336111519,0.00306535951470388,0.00678210918129296,0.00768452928032981,0.00840646535955947,0.00894791741898127
1643337011023,0.00348040612434786,0.00719821087035522,0.00810084374918851,0.00882295005225542,0.00936452977955526
1643337911446,0.00423797604478815,0.00795823501627702,0.00886143206471957,0.00958398970347329,0.0101259079325386
1643338811770,0.00365575024246678,0.0073741280084676,0.0082768931226842,0.00899910521405767,0.00954076428258754
1643339710350,0.00344609873812152,0.00716409265053897,0.00806679988322867,0.00878896566938026,0.00933059000899372
1643340612123,0.00323683855142454,0.00695444988907412,0.00785709953534797,0.00857921925236682,0.00912080904013113
1643341510723,0.00316805657297103,0.00688544464120877,0.00778804291746438,0.00851012153846931,0.00905168050422267
1643342410245,0.00309930222313803,0.00681646711225325,0.00771901403932707,0.00844105158098629,0.00898257973723049
1643343311707,0.00434612876721707,0.00806795988184095,0.0089716439160541,0.00969459114342452,0.0102368015639525
1643344210456,0.00559270997880135,0.00931920651719365,0.010224027473529,0.0109478842385973,0.0114907768123984
1643345110375,0.00549482970497683,0.00922116549838203,0.0101259655742747,0.0108498056349893,0.0113926856805249
1643346010795,0.00539710683328853,0.00912328239609228,0.0100280617102473,0.0107518851615711,0.0112947527500642
1643346910628,0.00531658541150337,0.00904303629394421,0.00994793401160887,0.0106718521857407,0.0112147908163396
1643347810078,0.00523650405565479,0.008963231695857,0.0098682481489063,0.0105922613113452,0.0111352711831745
1643348710747,0.00490134904394202,0.00862699271854517,0.0095317601783802,0.0102555741462482,0.0107984346221492
1643349610722,0.00456656536437139,0.00829112628687945,0.00919564503353998,0.00991926003086818,0.0104619712788645
1643350511060,0.00539281482094456,0.00912038963056538,0.0100256358576685,0.0107498328393507,0.0112929805756128
1643351411189,0.00621925936602441,0.00994984870030291,0.0108558225549742,0.011580601638711,0.0121241859515138
1643352311458,0.00597446875163565,0.00970427734735502,0.0106100729911685,0.0113347095062191,0.0118781868925075
1643353210606,0.00618666466295625,0.00991714747859684,0.0108230967520442,0.011547856170802,0.0120914257348701
1643354110963,0.00537653296127361,0.00910405456220276,0.0100092885103766,0.0107334756689164,0.0112766160378208
1643355010824,0.00493021185364539,0.00865612104270963,0.00956096721920718,0.0102848441604046,0.0108277518663031
1643355910992,0.00582605995950747,0.00955513054258272,0.0104607300938757,0.0111852097349099,0.0117285694656857
1643356811231,0.00565841995441696,0.00938670890851667,0.0102921042615607,0.0110164205439955,0.0115596577558219
1643357711133,0.00679489519259202,0.01052681817839,0.0114330440084331,0.0121580246724675,0.0127017601704931
1643358611790,0.00793436030836769,0.011669927096706,0.0125769856585582,0.0133026325080394,0.0138468676451504
1643359510808,0.00789453274390239,0.011629958064584,0.01253698282736,0.0132626026375811,0.0138068174952468
1643360411396,0.00785471819907824,0.0115900020946509,0.01249699306817,0.0132225858469854,0.0137667804310968
1643361310570,0.00762986856581227,0.0113641167536849,0.0122708380560883,0.0129962150980116,0.0135402478794537
1643362210536,0.00740488049044075,0.0111380925181874,0.0120445440450698,0.0127697052665761,0.0133135761827055
1643363110238,0.00696733138671579,0.0106988759588695,0.0116049184817448,0.0123297525000452,0.0128733780137704
1643364011113,0.00652970586782575,0.0102595827346637,0.0111652161959035,0.0118897229648953,0.0124331030416394
1643364910798,0.00634541449655446,0.0100745767359851,0.0109800338331196,0.0117043995108272,0.0122476737691077
1643365810420,0.00616111437580225,0.00988956195923252,0.0107948426856632,0.0115190672668075,0.0120622357026661
1643366710295,0.00623657672465905,0.00996522415990819,0.0108705462415228,0.0115948039068146,0.0121379971557836
1643367611636,0.00631207009667256,0.0100409174851233,0.0109462809453185,0.0116705717134744,0.0122137897895911
1643368511079,0.00565761096304551,0.00938404848001895,0.0102888281898068,0.0110126519576372,0.0115555197835098
1643369410839,0.00500320631048989,0.00872723413402832,0.00963143013449597,0.0103547869348701,0.0108973045351508
1643370310578,0.00458538143778497,0.00830779909959767,0.00921159858768039,0.0099346381781471,0.0104769178709967
1643371210670,0.00416746204887031,0.00788826924008101,0.00879167214449983,0.00951439446803493,0.0100564362106865
1643372111073,0.00448627413344571,0.00820806248531492,0.00911168562530262,0.0098345841372931,0.0103767580212857
1643373010971,0.00480538260781604,0.00852815308893762,0.00943199668801631,0.0101550715672789,0.0106973777267259
1643373911142,0.00539979972730986,0.0091244976650815,0.0100287845249238,0.0107522140127976,0.0112947861287029
1643374811140,0.00599509132002241,0.00972171957219947,0.0106264503522879,0.0113502349763583,0.0118930734444114
1643375710964,0.00605448760821115,0.00978130845760949,0.0106860835295182,0.0114099035870445,0.0119527686301897
1643376611076,0.00612080389174596,0.00984784296932073,0.0107526685552704,0.0114765290240293,0.0120194243755989
1643377510992,0.00620281146879398,0.00993013362794293,0.0108350260773336,0.0115589400368465,0.012101875506481
1643378411027,0.00615087961353211,0.00987804714369211,0.0107829054463948,0.011506792088557,0.0120497070701784
1643379311100,0.00617505309543565,0.00990236033280167,0.0108072570617501,0.0115311744449091,0.0120741124822783
1643380211110,0.00619921453373284,0.00992666143894594,0.0108315965850581,0.0115555447019473,0.0120985057896146
1643381111707,0.00633288531411669,0.010060824104736,0.0109658783726398,0.0116899217869624,0.0122329543477047
1643382010620,0.00646656500766607,0.0101949957128196,0.0111001691092365,0.0118243078263702,0.0123674118642203
1643382910891,0.00680562016133979,0.0105353485580462,0.0114408407485718,0.0121652345009919,0.0127085298153073
1643383810588,0.0071446069489689,0.0108756328138098,0.0117814437468857,0.0125060924933462,0.0130495790531917
1643384710358,0.00700113076580799,0.0107319588703718,0.0116377517926807,0.012362386130528,0.0129058618839133
1643385612475,0.00685781053820533,0.0105884413921513,0.0114942164213065,0.012218836444631,0.0127623014621241
1643386510476,0.00649928016947676,0.0102287861127155,0.0111343063115585,0.0118587224706332,0.0124020345899392
1643387410578,0.00614108073298558,0.00986946284699508,0.0107747284650976,0.0114989409595796,0.0120421003304412
1643388310445,0.00607707520372269,0.00980536051736003,0.0107106152470033,0.0114348190307185,0.0119779718685045
1643389210675,0.00601306241792154,0.0097412509074728,0.0106464947431846,0.0113706898117543,0.0119138361131814
1643390110531,0.00600673927198114,0.00973497459388573,0.0106402361148015,0.0113644453315345,0.0119076022440838
1643391011368,0.00610668373416301,0.00983531316818653,0.0107406725157904,0.0114649599938736,0.0120081756024362
1643391911269,0.00640599149623777,0.0101357691205342,0.0110414107639494,0.0117659240786816,0.0123093090647306
1643392811970,0.00681159400392661,0.0105428671869461,0.011448871288122,0.0121736745690633,0.0127172770297692
1643393710760,0.00746603208620966,0.0111997448607497,0.0121063426062309,0.0128316208026156,0.013375579449904
1643394610891,0.00812043859574074,0.011856590858623,0.0127637822245981,0.0134895353173781,0.0140338501369632
1643395511351,0.00799636016357907,0.0117321182536061,0.0126392198093079,0.0133649010538697,0.0139091619872909
1643396411022,0.00787230797698735,0.0116076719799292,0.0125146837451511,0.0132402931573286,0.0137845002164616
1643397311216,0.00808413496083049,0.0118202711484854,0.0127274692558801,0.0134532277417958,0.0139975466062323
1643398211416,0.00829597771320456,0.012032886137104,0.0129402705985633,0.0136661781677307,0.0142106088446061
1643399110508,0.00822665017974344,0.0119633716358361,0.0128707169853055,0.0135965932648814,0.0141410004745628
1643400010755,0.00815733281021069,0.0118938673317122,0.0128011735768567,0.0135270185729728,0.0140714023200594
1643400911323,0.00814891435634868,0.0118856008537429,0.0127929604596504,0.0135188481443762,0.0140632639079203
1643401811103,0.00814046411984393,0.0118773024892653,0.0127847154319667,0.0135106457861276,0.0140550935517485
1643402711022,0.00795874341918701,0.0116950026359917,0.0126022834265906,0.0133281080590699,0.0138724765334293
1643403611004,0.00777709153339612,0.0115127718224699,0.0124199205128632,0.0131456394651779,0.0136899286794134
1643404510946,0.00759813472215809,0.0113332494158203,0.0122402695437747,0.0129658856461379,0.0135100977229101
1643405410785,0.00741925344227634,0.0111538027873619,0.0120606944098387,0.01278620770782,0.0133303426813063
1643406310557,0.00703119402056873,0.0107645204464784,0.0116711344676115,0.0123964256845179,0.0129403940971979
1643407210516,0.00109386413077917,0.00481726338510313,0.0057225520933748,0.00644678305999169,0.00698995628495425
1643408110056,0.000919664122938757,0.00464319168291816,0.00554858108295053,0.00627289260297625,0.00681612624299532
1643409011839,0.0014042424529106,0.00512905948455677,0.00603471648494347,0.00675924208525291,0.00730263628548489
1643409910862,0.00122465284953277,0.00494918879398853,0.00585481208924699,0.00657931072545415,0.00712268470260913
1643410810610,0.00143638196670892,0.00516130402944603,0.00606698526777705,0.00679153025844137,0.00733493900143967
1643412611054,0.00142265669869857,0.00514733217307861,0.00605293595003675,0.00677741897160411,0.00732078123777913
1643413511884,0.00140883255648605,0.00513326111939061,0.0060387873604113,0.00676320835322808,0.00730652409784049
1643414410774,0.00128023287010537,0.00500399418918818,0.00590934128372478,0.00663361895935433,0.00717682721607615
1643416215820,0.00140883255648605,0.00513326111939061,0.0060387873604113,0.00676320835322808,0.00730652409784049
1643417110849,0.00125710509099131,0.00498100463000184,0.00588640540735108,0.00661072602923074,0.00715396649564037
1643418011086,0.00120232570845236,0.00492605678794211,0.00583141976586443,0.00655571014820278,0.00709892793495626
1643418911009,0.00120354365964737,0.00492729003158709,0.00583265769122998,0.00655695181894433,0.00710017241473015
1643420711439,0.00120232570845236,0.00492605678794211,0.00583141976586443,0.00655571014820278,0.00709892793495626
1643421610915,0.00123203647825543,0.00495584278147754,0.00586122089018204,0.00658552337714591,0.00712875024236892
1643422510528,0.00126175187728661,0.00498563341936964,0.00589102666234753,0.00661534125673024,0.00715857720251689
1643423410613,0.00120666176019912,0.00493014946831427,0.00583543004062426,0.00655965449847251,0.00710282284185837
1643424310756,0.00115152520885786,0.00487461893125984,0.00577978679788349,0.00650392109118236,0.00704702181115646
1643425210369,0.00125735710049768,0.00498077443139433,0.00588601470993755,0.00661020693277203,0.00715335109989779
1643426111065,0.00136322176368808,0.00508696281017595,0.00599227552535297,0.00671652569749503,0.00725971332660147
1643427011780,0.00181876626713096,0.00554400808751132,0.00644966836466487,0.00717419658638807,0.00771759275268025
1643427910654,0.00227470071595404,0.00600144458455842,0.00690745271776505,0.00763225922433031,0.00817586410425419
1643428810600,0.0019983201756133,0.00572417102083267,0.00662997410914379,0.00735461657979286,0.00789809843277944
1643429719609,0.00172210431756592,0.00544706267757844,0.00635266084518893,0.00707713937927723,0.00762049827984357
1643430610479,0.00174931781255894,0.00547443599545594,0.00638007826881615,0.00710459208750458,0.00764797745152079
1643431511231,0.00177652420967367,0.00550180219225971,0.00640748856601681,0.00713203766502279,0.00767544948927723
1643432411547,0.00193828026256337,0.00566422977071168,0.0065700856742672,0.00729477039711157,0.00783828393924479
1643433310433,0.00209998613325935,0.00582660700297621,0.00673263239848509,0.00745745271489207,0.00800106795219757
1643434210434,0.00230383729182959,0.00603114621208944,0.00693733261703389,0.00766228174098926,0.0082059935839558
1643435110095,0.00250775161410965,0.00623574879133049,0.00714209625334483,0.00786717422295635,0.00841098270016505
1643436915164,0.00266305239937448,0.00639156840771871,0.00729803675268537,0.00802321142865936,0.00856709243563958
1643438712734,0.00281839349821289,0.0065474284694238,0.00745401772774601,0.00817928913440369,0.00872324268939706
1643439612120,0.00306302046942752,0.00679302380429503,0.00769985374470883,0.00842531769704014,0.0089694156612885
1643440513907,0.00332619638834353,0.00705722870434378,0.00796431331549741,0.00868998100442098,0.0092342317711136
1643442311941,0.00338967880466701,0.00712095138497415,0.00802809478454836,0.0087538095042079,0.00929809554395233
1643443211394,0.00345316004318597,0.00718467288395108,0.00809187507105702,0.00881763682074244,0.00936195813300622
1643445011465,0.0035819783942217,0.0073140140199448,0.00822134722397472,0.00894721378719909,0.00949161370961704
1643446811081,0.00371077181227908,0.00744333014147958,0.00835079434363051,0.00907676570535121,0.00962124422664146
1643448611664,0.00426043156088207,0.00799499016075433,0.0089029367507345,0.00962929402271917,0.0101740619767074
1643449510983,0.00481019762899315,0.00854675684698658,0.00945518590497696,0.0101819291513696,0.0107269865861643
1643450411587,0.00485465713568689,0.00859137748328975,0.0094998453388071,0.0102266196232215,0.010771700336532
1643451310784,0.00489911746700078,0.00863599894690803,0.00954450560057429,0.0102713109235077,0.0108164149157075
1643452211116,0.00540688889702068,0.00914560396883113,0.0100545515105699,0.0107817095439608,0.011327078069004
1643453114080,0.00567219144395792,0.0094119477257002,0.0103211532981335,0.01104851775608,0.0115940410995399
1643454017779,0.00586198661058535,0.00960245288156059,0.0105118314423638,0.0112393342910069,0.011784961427489
1643454913698,0.00605177825620506,0.0097929545049058,0.0107025060514243,0.0114301472886393,0.0119758782165504
1643455814900,0.00670198560792645,0.0104455755558661,0.0113557135420075,0.0120838239309209,0.0126299067226059
1643456710664,0.00735220502158751,0.0110982087081839,0.0120089331430449,0.0127375126909341,0.0132839473518509
1643458511207,0.00749962827539785,0.0112461254266247,0.0121569649290556,0.0128856365310004,0.0134321402324591
1643460310224,0.00740407795077735,0.0111502745353325,0.0120610458673402,0.0127896629329465,0.0133361257321514
1643461211095,0.00776788074997059,0.0115154344075246,0.0124265360469338,0.0131554173584614,0.0137020783421069
1643462110914,0.00813167680017313,0.0118805875086707,0.0127920194503917,0.0135211650037685,0.0140680241688012
1643463010191,0.00844325009762881,0.0121933634086568,0.013105091662942,0.0138344742663707,0.014381511218942
1643463910731,0.00875476311337464,0.0125060788299345,0.013418103351323,0.0141477229684335,0.0146949376812664
1643465710559,0.00873258473109195,0.0124838396585694,0.0133958513428243,0.0141254606902288,0.0146726677007818
1643466610152,0.00871040846000271,0.0124616026052968,0.0133736014540111,0.0141032005329826,0.0146503998422112
1643468410236,0.00873258473109195,0.0124838396585694,0.0133958513428243,0.0141254606902288,0.0146726677007818
1643469311170,0.00880662504715035,0.0125581336257361,0.0134702050359792,0.0141998621641732,0.014747105010319
1643471110457,0.00887826322545027,0.012629994226439,0.0135421157738118,0.0142718130117103,0.0148190859401343
1643472010373,0.00894991524586941,0.0127018687144962,0.0136140404094383,0.0143437777653923,0.0148910807823577
1643472910217,0.0087291943435408,0.012480322806705,0.0133922935494144,0.0141218701435821,0.0146690525892079
1643474710649,0.00850846934643013,0.0122587727907499,0.0131705425781385,0.0138999584080499,0.0144470202804834
1643475610889,0.00845102558575972,0.0122010606115555,0.0131127602336611,0.0138421199313459,0.0143891397046094
1643476510578,0.00875174486522567,0.0125028433275807,0.0134147965806701,0.0141443591831416,0.0146915311349951
1643477410021,0.00907282689391264,0.0128250783392676,0.0137373082317134,0.0144670921456704,0.0150144300811379
1643478310987,0.00939396679486171,0.0131473714123411,0.0140598779877881,0.0147898832481457,0.0153373871934137
1643479210748,0.00942526673017752,0.0131787853243184,0.0140913193931882,0.0148213466482843,0.0153688670896064
1643480110537,0.0094565669973854,0.0132101995692724,0.014122761131816,0.0148528103818504,0.0154003473193762
1643481010735,0.00979886158770515,0.0135537187271324,0.0144665736790801,0.0151968576406387,0.0157445706118073
1643481911492,0.00967072277109571,0.0134250551984525,0.0143377782661038,0.0150679567202254,0.0156155905608164
1643482809884,0.00979886158770515,0.0135537187271324,0.0144665736790801,0.0151968576406387,0.0157445706118073
1643483710825,0.00992697320517189,0.0136823549677831,0.0145953417835154,0.0153257312361008,0.01587352332554
1643484610745,0.00996430586085406,0.0137198288563773,0.0146328502238986,0.0153632673179158,0.0159110801384288
1643485511059,0.0100016381205681,0.0137573023477091,0.0146703582667214,0.0154008030019313,0.0159486365533383
1643486411195,0.00996165441361452,0.0137172109765551,0.0146302443937925,0.0153606711275822,0.0159084911779246
1643487311054,0.00992167789922904,0.0136771268214739,0.0145901377423607,0.0153205464790704,0.0158683530316026
1643488211043,0.00979988439341417,0.0135549352976663,0.014467854368247,0.0151981896247118,0.0157459410670602
1643489112091,0.00967812023364445,0.0134327732158057,0.0143456004582116,0.0150758622521368,0.0156235585975804
1643490011217,0.0097448903423174,0.013499795841174,0.0144126848531665,0.0151429960627611,0.0156907294699569
1643490911088,0.00981165921219573,0.0135668172236987,0.0144797680043443,0.0152101286288608,0.0157578990972485
1643491811061,0.0097315582069466,0.0134864623690107,0.0143993553759021,0.0151296697814154,0.0156774055855502
1643492711250,0.00965147267801392,0.0134061230412152,0.0143189582860237,0.0150492264818705,0.0155969276287555
1643493611555,0.00826719872118731,0.0120242076662291,0.0129382884978557,0.0136695531631574,0.0142180016621332
1643494510525,0.0080335804771563,0.0117885522082279,0.0127020331202701,0.0134328178499044,0.0139809063971299
1643495410655,0.00779876432821558,0.0115516949305952,0.0124645750196559,0.0131948790909044,0.0137426071443409
1643496310714,0.00794764297145512,0.0117010623677922,0.0126140554859973,0.0133444499805611,0.0138922458514841
1643497211345,0.00808663642161411,0.0118405077824693,0.0127536049696395,0.0134840827193756,0.0140319410316778
1643498112052,0.00787579927313731,0.0116286188786054,0.012541436389957,0.0132716903990384,0.0138193809058493
1643499011099,0.00766471645979938,0.0114164835070536,0.0123290211573193,0.0130590512775315,0.0136065738676907
1643499910761,0.00809776590200628,0.011850937585447,0.0127637983066773,0.0134940868836615,0.0140418033163998
1643500811422,0.00766471645979938,0.0114164835070536,0.0123290211573193,0.0130590512775315,0.0136065738676907
1643501711292,0.00764811387603426,0.011400048385936,0.0123126472742197,0.0130427263848467,0.0135902857178165
1643502611910,0.00766471645979938,0.0114164835070536,0.0123290211573193,0.0130590512775315,0.0136065738676907
1643503511020,0.00809776590200628,0.011850937585447,0.0127637983066773,0.0134940868836615,0.0140418033163998
1643504411897,0.00853120730125867,0.012285784901791,0.0131989689895795,0.013929516259811,0.0144774267124841
1643505310761,0.00800895436671101,0.0117615594212028,0.0126742612177628,0.0134044226550114,0.0139520437329472
1643506210347,0.00748663695969864,0.0112372692574556,0.0121494887141653,0.012879264279533,0.0134265959535589
1643507111174,0.00758817117491972,0.0113390749520124,0.012251350910101,0.012981171676572,0.0135285372514251
1643508011938,0.00768975251291582,0.0114409279233405,0.0123532604183458,0.0130831264143501,0.0136305259113532
1643508911768,0.00761545575440215,0.0113660976409804,0.0122782773908761,0.0130080211907926,0.01355532904073
1643509811381,0.00765899723105767,0.011409544230556,0.0123216779152939,0.013051384863084,0.0135986650739266
1643510710198,0.00796624456778017,0.0117179321442964,0.0126303429482828,0.0133602715914722,0.013907718073864
1643511611196,0.00767225060025556,0.0114228409114179,0.0123349845911551,0.0130646995349448,0.0136119857427872
1643512510863,0.0077696956081541,0.0115205775948071,0.0124327858562316,0.0131625524653713,0.0137098774222262
1643513410874,0.00767225060025556,0.0114228409114179,0.0123349845911551,0.0130646995349448,0.0136119857427872
1643514311262,0.0077696956081541,0.0115205775948071,0.0124327858562316,0.0131625524653713,0.0137098774222262
1643515210973,0.00786717082879829,0.0116183445896767,0.0125306174555737,0.0132604357482913,0.0138077994678296
1643516111629,0.00826154534559387,0.0120139834022792,0.0129265455312444,0.0136565952344165,0.0142041325117956
1643517011316,0.008656270568832,0.0124099740674233,0.0133228257239411,0.0140531070491554,0.0146008180430661
1643517911660,0.00826154534559387,0.0120139834022792,0.0129265455312444,0.0136565952344165,0.0142041325117956
1643561114551,0.008656270568832,0.0124099740674233,0.0133228257239411,0.0140531070491554,0.0146008180430661
1643562011535,0.00854282563488185,0.0122960973124218,0.0132088430933832,0.0139390397181525,0.0144866871867293
1643562910457,0.00869877600506652,0.0124526184103118,0.0133655021222114,0.0140958090917314,0.0146435393188711
1643563810464,0.00891358697204692,0.0126681558837203,0.0135812097484522,0.0143116528402376,0.0148594851590766
1643564710314,0.00912846637251774,0.0128837620142583,0.0137969860834313,0.0145275653387693,0.0150754997802729
1643565611373,0.00901421229734267,0.0127691556758913,0.0136823006052527,0.0144128165487418,0.0149607035063586
1643566510324,0.00889999458750923,0.0126545858217069,0.0135676516386818,0.0142981042922619,0.0148459437824466
1643567411402,0.00907325690970651,0.0128284200167517,0.0137416183807306,0.0144721770719136,0.0150200960903011
1643567953399,0.00924657442008603,0.0130023095803329,0.0139156405329357,0.0146463052950179,0.0151943038665796
1643570115397,0.00929924687551686,0.0130551485118624,0.0139685173056798,0.0146992123407335,0.015247233617024
1643571090706,0.00935192612410107,0.0131079942587451,0.0140214008988997,0.0147521262110235,0.0153001701951165
1643571910512,0.00931199105198477,0.0130679075637186,0.0139812770622765,0.0147119726611229,0.0152599943602576
1643572420025,0.00927205545364496,0.0130278203407483,0.0139411526973126,0.0146718185825641,0.0152198179965026
1643572809705,0.00936426649178745,0.0131203082123488,0.0140337019560546,0.0147644169510195,0.0153124531972431
1643572811079,0.00945650422690747,0.0132128228681723,0.0141262780191531,0.0148570421399381,0.0154051152305268
1643573024520,0.00934697681884322,0.0131028764414292,0.0140162286712471,0.0147469104551017,0.0152949217929923
1643573710872,0.00923744392428283,0.0129929245102598,0.0139061738147772,0.0146367732583914,0.0151847228411019
1643573944349,0.0091384183095311,0.012893530410593,0.0138066901077796,0.0145372178655288,0.0150851136838406
1643574476115,0.0090393926947796,0.0127941363109263,0.0137072064007819,0.0144376624726661,0.0149855045265794
1643574504982,0.00913512703073627,0.0128901039415958,0.0138032197614153,0.0145337124172711,0.0150815819091625
1643574610705,0.00923091274161525,0.0129861231150796,0.0138992847036075,0.0146298139744299,0.0151777109275464
1643575510624,0.00908652398154763,0.0128411904752028,0.0137542192141904,0.0144846422053806,0.0150324594487732
1643576410598,0.00894213103219421,0.0126962536323501,0.0136091495186379,0.0143394662276686,0.0148872037594412
1643577310435,0.00892133998094979,0.0126753358129641,0.0135881964510598,0.0143184849615361,0.0148662013443934
1643578211286,0.00890054441112009,0.0126544134602267,0.0135672388467221,0.0142974991559184,0.0148451943878158
1643579111793,0.0087811857791229,0.0125345787944899,0.0134472855665748,0.0141774509842434,0.0147250750474945
1643580010595,0.0138226965140427,0.0175925967288952,0.0185091160822497,0.019242331564933,0.0197922431769455
1643580910857,0.012838666390153,0.0166050898851435,0.0175207803297339,0.0182533326854062,0.0188027469521606
1643581810907,0.0114991560890221,0.0152609411642251,0.0161755346154535,0.016907209376436,0.0174559654471731
1643582711098,0.0108648453770375,0.0146242947209041,0.0155383223762975,0.016269544500612,0.0168179610938479
1643583611263,0.0110390836073977,0.0147993651777589,0.0157136116663312,0.0164450088571892,0.0169935567503328
1643584512267,0.0113463453963039,0.0151078920253014,0.0160224570392782,0.0167541090504597,0.0173028480588455
1643585411158,0.0116534424839017,0.0154162536332962,0.016331137048468,0.0170630437806054,0.0176119738297087
1643586311027,0.0113720258616439,0.0151341401995528,0.0160488855201351,0.0167806817766012,0.0173295289689508
1643587211672,0.0106657530516014,0.0144255898514183,0.0153398126985596,0.0160711909762725,0.0166197246845572
1643588110639,0.0113244291538031,0.015086291793069,0.0160009692314549,0.0167327111821636,0.0172815176451948
1643589010448,0.0119840757117906,0.0157479673619298,0.0166631001234272,0.0173952063326255,0.0179442859895238
1643589911255,0.0117417138411047,0.0155045525238433,0.016419415704068,0.017151306248248,0.0177002241563826
1643590811177,0.0114991560890221,0.0152609411642251,0.0161755346154535,0.016907209376436,0.0174559654471731
1643591711741,0.0110300435624076,0.0147900327696253,0.0157041850088686,0.0164355068002633,0.0169839981438096
1643592610611,0.0106903849283304,0.0144490013194989,0.015362809974127,0.0160938568978299,0.0166421420906069
1643593511303,0.0105961979824878,0.0143542863620183,0.0152679507287077,0.0159988822220594,0.0165470808420731
1643594411016,0.0105018616241015,0.014259421503718,0.0151729414697892,0.0159037574426466,0.016451869422289
1643595310599,0.0105696645913245,0.0143274324746043,0.0152409990582891,0.015971852325237,0.0165199922754478
1643596210671,0.0106374806855192,0.0143954566153615,0.015309069826559,0.0160399603955172,0.0165881283222358
1643597111188,0.0100486895657477,0.013804385006762,0.0147174356414632,0.015447876149224,0.0159957065300447
1643598011113,0.00945965994239883,0.0132130741151621,0.0141255619934997,0.01485555229617,0.0154030450231721
1643598911023,0.00975523555543734,0.0135067732784695,0.0144185384965025,0.0151479506709291,0.0156950098017488
1643599810942,0.0100540139863616,0.0138036857263872,0.0147147306995141,0.0154435666780155,0.0159901936618914
1643600711739,0.00871421736580413,0.0124581290867078,0.0133677040423581,0.0140953640068779,0.014641108980268
1643601611480,0.00767964724536996,0.0114189336742765,0.0123273144585696,0.0130540190860038,0.0135990475565797
1643602510622,0.00765223851111485,0.0113913667415435,0.0122997040254886,0.0130263738526446,0.0135713762230116
1643603409865,0.00762482125457442,0.0113637912586744,0.0122720850358444,0.0129987200575803,0.0135436963238822
1643604310450,0.00786812834063366,0.0116078881868951,0.0125163636974095,0.0132431441058212,0.0137882294121294
1643605211043,0.0081115419516109,0.0118520919881551,0.0127607493123492,0.0134876751717046,0.0140328695662213
1643606111410,0.00828628756095373,0.0120273679375984,0.0129361434982735,0.0136631639468134,0.0142084292832183
1643607011357,0.00846109339231993,0.0122027043058697,0.0131115981484418,0.0138387132224991,0.0143840495280425
1643607911281,0.0084805584443115,0.0122222016720082,0.0131310997825724,0.0138582182710238,0.0144035571373622
1643608811061,0.00846185130294996,0.0122034020990633,0.0131122756901436,0.0138393745630081,0.0143846987176561
1643609710935,0.00826175443709976,0.0120026279433045,0.0129113428544807,0.0136383147834209,0.0141835437301265
1643610610561,0.00806172482342782,0.0118019212595024,0.0127104775414921,0.0134373225670839,0.0139824563362776
1643611510476,0.00842571714351759,0.0121670902764657,0.0130759167975012,0.0138029780143303,0.0143482739269518
1643612410961,0.00878991759150516,0.0125324681014822,0.013441565018524,0.0141688425521571,0.0147143007023818
1643613310959,0.00876752958213389,0.0125099843042475,0.0134190568110106,0.0141463148164209,0.0146917583204786
1643614210922,0.00878991759150516,0.0125324681014822,0.013441565018524,0.0141688425521571,0.0147143007023818
1643615110745,0.00862646555004565,0.0123684819030248,0.0132774555530666,0.0140046344731004,0.0145500186631256
1643615930255,0.00846306975051303,0.0122045521302914,0.013113402555748,0.0138404828961138,0.014385793151388
1643615946444,0.00851795834756874,0.0122596329223597,0.0131685290068979,0.0138956458745287,0.0144409835252515
1643616010548,0.00857284976174166,0.012314716540752,0.013223658286496,0.0139508116830913,0.0144961767305376
1643616918339,0.00846543211124584,0.0122069712307646,0.0131158397450131,0.0138429345564119,0.014388255664961
1643617811509,0.00825231862369291,0.011993137915324,0.0129018379332109,0.0136287979475211,0.0141740179582535
1643618710910,0.00828765596955239,0.012028614121288,0.0129373485660482,0.013664336121856,0.0142095767887123
1643619611292,0.00821726853032612,0.0119579732791684,0.0128666468641043,0.0135935857320533,0.0141387898830148
1643620510694,0.0081539353244835,0.0118944202815521,0.0128030418389236,0.0135299390848211,0.0140751120192439
1643621410722,0.00809062618340928,0.0118308914273471,0.0127394609753024,0.013466316613667,0.0140114583424402
1643622310398,0.00809437512161626,0.0118346526169864,0.0127432249921953,0.0134700828923624,0.014015226317488
1643623211754,0.00809812412261168,0.0118384138696188,0.0127469890721288,0.0134738492341366,0.0140189943556426
1643624110512,0.0080177120382432,0.0117577163762264,0.0126662234097286,0.0133930290365303,0.0139381332566313
1643625010462,0.00793730570245832,0.011677024650204,0.0125854635190337,0.0133122146140974,0.0138572779353954
1643625910160,0.0071343910709889,0.0108714815898232,0.0117793134370574,0.0125055789148447,0.0130502780231854
1643626812589,0.00633275266230537,0.010067218922891,0.0109744447109905,0.0117002253414702,0.0122445608143296
1643627710777,0.00614808134726874,0.00988189961210439,0.0107889713287952,0.0115146287021479,0.0120588717321626
1643628610434,0.00596344415257599,0.00969661453316495,0.0106035322041793,0.0113290663409906,0.0118732169435993
1643629511316,0.00594513708056055,0.00967819220425281,0.0105850776293235,0.0113105859693803,0.011854717224423
1643630411354,0.00597636158245618,0.00970957417686846,0.0106165015895345,0.0113420435196669,0.0118861999672664
1643631310821,0.00595805435701768,0.00969115169403167,0.0105980468606381,0.0113235629939237,0.0118677000938876
1643632210830,0.00593974193596658,0.00967272399860342,0.0105795869152325,0.0113050772485359,0.0118491949985136
1643633110785,0.00667876883673868,0.0104141143608407,0.0113215174276873,0.012047439881165,0.0125918817212729
1643634010591,0.00659797259516992,0.0103330024201418,0.0112403273693764,0.011966187328764,0.0125105822983047
1643634910863,0.00701271075755838,0.0107490921652629,0.0116567286339739,0.0123828378089428,0.0129274196901692
1643635814120,0.00662382754008828,0.0103589418583441,0.0112662863060287,0.0119921618641767,0.0125365685327872
1643636711604,0.00632016681894165,0.0100543174395165,0.0109614424155853,0.0116871423964404,0.0122314173820817
1643637611693,0.0058873326794322,0.0096200401517379,0.0105268291734344,0.0112522603907914,0.011796333803809
1643638512677,0.00586137713799051,0.00959402844588242,0.0105008074267168,0.0112262306113844,0.0117702979998853
1643639411844,0.0058354281914561,0.0095680233564861,0.0104747923014321,0.0112002074573889,0.0117442688243568
1643640316457,0.00600504085000186,0.00973821330627422,0.0106451178160858,0.0113706414239358,0.0119147841298231
1643641212744,0.00617471748778442,0.00990846744438101,0.0108155075673089,0.0115411396656513,0.0120853637394078
1643642112670,0.00630495151889354,0.0100391798672459,0.0109463357675075,0.0116720604877167,0.0122163540278735
1643643010817,0.00643519258429293,0.0101698993473891,0.0110771710302888,0.0118029883766089,0.0123473513863488
1643643910582,0.00608800634479145,0.00982158115185094,0.0107285918830888,0.0114542004680791,0.0119984069068217
1643644810668,0.00574110793680105,0.00947355172844988,0.010380301725093,0.0111057017224079,0.0116497517203942
1643645710447,0.00584307842735599,0.00957589995062302,0.0104827416500293,0.011208215009554,0.0117523200291973
1643646610344,0.00594504939237672,0.00967824864881273,0.010585182051339,0.01131072877336,0.0118548888148762
1643647511307,0.00596184359453833,0.00969510225887493,0.0106020498319939,0.0113276078904894,0.0118717764343605
1643648411488,0.00597863966879264,0.00971195774714717,0.0106189194922717,0.0113444888883703,0.0118886659354447
1643649310332,0.0059261398441488,0.00965930897888367,0.0105662386577901,0.0112917824009149,0.0118359402082586
1643650211474,0.00587365379814786,0.00960667403429083,0.0105135716573708,0.0112390897558343,0.0117832283296819
1643651110179,0.00588602526319626,0.00961908592896332,0.0105259928819563,0.0112515184443509,0.0117956626161464
1643652011502,0.00589844902393089,0.00963155029022333,0.0105384666125683,0.0112639996704444,0.0118081494638513
1643652910378,0.00595699953209361,0.00969030496042866,0.0105972697034771,0.0113228414979161,0.0118670203437452
1643653811020,0.00601555366150386,0.00974906326371605,0.0106560764301988,0.0113816869633854,0.011925894863275
1643654711130,0.00604159816182803,0.00977521625536881,0.0106822568405451,0.0114078893086862,0.0119521136597922
1643655611281,0.00606764567841944,0.00980137227314559,0.0107084402792903,0.011434094684206,0.0119783354878928
1643656511096,0.00607434648118876,0.00980811194228903,0.0107151906466367,0.0114408536101154,0.0119851008327243
1643657410942,0.00608105228743416,0.00981485663125947,0.0107219460375845,0.0114476175626446,0.0119918712064393
1643658310738,0.00597838537100204,0.00971185608739811,0.0106188686948934,0.0113444787808898,0.0118886863453869
1643659210833,0.00587574025382298,0.00960887741402949,0.0105158132391348,0.0112413618992191,0.0117855233942825
1643660110590,0.00587684541943378,0.00960999863473133,0.0105169394328204,0.0112424920712921,0.0117866565501457
1643661010599,0.00587795628684407,0.00961112557586596,0.0105180713512396,0.0112436279715382,0.011787795436762
1643661910580,0.0060387750951989,0.00977250802034657,0.0106795877463297,0.0114052515271164,0.0119494993627061
1643662810879,0.00619961826810811,0.0099339149090043,0.0108411286039718,0.0115668995599458,0.0121112277769262
1643663710803,0.00627902273892866,0.0100135815110771,0.0109208559668337,0.0116466755314391,0.012191040204893
1643664610818,0.00635854895378829,0.0100933702550452,0.0110007055634038,0.0117265738100911,0.0122709749951064
1643665510924,0.00633059427181282,0.0100653294969342,0.0109726454794936,0.0116984982655404,0.012242887855076
1643666411579,0.00717382963477853,0.0109217209835095,0.0118331327809615,0.0125622622189225,0.0131091092973936
1643667310206,0.00647973605473351,0.0102253266954353,0.0111362042558767,0.0118649063042302,0.0124114328404952
1643668211035,0.00592972929501001,0.00967355495635647,0.0105840285182577,0.0113124073677786,0.0118586915049195
1643669111546,0.00644914982759071,0.0101953841030455,0.0111064859649672,0.0118353674545049,0.012382028571658
1643670010862,0.00596897071557989,0.00971292461686279,0.0106234277725956,0.0113518302971818,0.0118981321906215
1643670910856,0.00606227736716813,0.00980650376379311,0.0107170664986787,0.0114455166865866,0.0119918543275179
1643671810825,0.00615560733727727,0.00990010630544846,0.010810728637072,0.0115392265023708,0.0120855999013449
1643672710692,0.00638355114560007,0.0101287203675442,0.0110394897653383,0.0117681052835739,0.0123145669222504
1643673611801,0.00610327371176433,0.00984760165501553,0.0107581845193501,0.0114866508108173,0.012033000529418
1643674511334,0.00602155222495937,0.00976562705626294,0.0106761529318031,0.011404573632235,0.011950889157559
1643675410856,0.00616478386402397,0.00990934072431404,0.0108199792589678,0.0115484900866907,0.012094873207483
1643676310950,0.00640619042177004,0.010151522240645,0.0110623381902399,0.0117909909499161,0.012337480519673
1643677211643,0.00664773886549597,0.0103938461066355,0.0113048395781747,0.0120336343554062,0.0125802304383296
1643678111238,0.00652174653481419,0.0102673673756772,0.011178240993222,0.0119069398872578,0.0124534640577847
1643679011843,0.00639576679133835,0.01014090127306,0.0110516550461033,0.0117802580645374,0.0123267103283633
1643679911375,0.00634795037138591,0.0100928433715941,0.0110035327345099,0.0117320842248427,0.0122784978425921
1643680812570,0.00630013457793765,0.0100447860986801,0.0109554110519414,0.0116839110145506,0.0122302859865071
1643681710562,0.0059681777047953,0.00971156604319678,0.0106218813187078,0.011350133539116,0.0118963227044224
1643682611312,0.00563618212890393,0.00937830715848564,0.0102883127270583,0.0110163171819162,0.0115623205230595
1643683511184,0.0059681777047953,0.00971156604319678,0.0106218813187078,0.011350133539116,0.0118963227044224
1643684412081,0.00627397235371263,0.0100185383769904,0.0109291436000676,0.0116576277785292,0.0122039909123752
1643685311846,0.00619514610539151,0.00993949864419741,0.0108500590971317,0.0115785074594792,0.0121248437312398
1643686210694,0.00610980919451531,0.00985392697217491,0.0107644377449643,0.011492846363196,0.0120391528268697
1643687110496,0.0060302912729151,0.00977417218959364,0.0106846306459667,0.0114129974110655,0.0119592724848896
1643688010127,0.00595079308133228,0.00969443720150776,0.0106048433563442,0.0113331682802134,0.0118794119731152
1643688911678,0.00575781483775928,0.00950084640962734,0.0104111130514717,0.0111393263649473,0.0116854863500535
1643689811109,0.00557799437070083,0.00932045639353096,0.0102305934452915,0.0109587030867,0.0115047853177563
1643690710993,0.00568042775393707,0.00942329918701934,0.0103335383258458,0.0110617296369067,0.0116078731202023
1643691611173,0.00578284890282843,0.00952612970618127,0.0104364709228468,0.0111647438961791,0.0117109486261784
1643692511841,0.00571748814209783,0.00946056929992789,0.0103708658662049,0.0110991031192265,0.0116452810589927
1643693409962,0.00565214049929486,0.00939502205447118,0.0103052739802525,0.0110334755208779,0.0115796266763464
1643694310797,0.00566343749849652,0.00940637444859238,0.0103166410405493,0.0110448543141151,0.0115910142692892
1643695210628,0.00604186202746493,0.00978617329100384,0.0106967710566541,0.0114252492691742,0.0119716079285643
1643695210710,0.00614125902372797,0.00988589511405191,0.0107965678397295,0.0115251060202717,0.012071509655678
1643696110501,0.00600423658717486,0.00974830573640384,0.0106588354878168,0.0113872592889468,0.0119335771397946
1643697010378,0.00604199383323367,0.00978616789553444,0.0106967199749233,0.0114251616384344,0.0119714928860677
1643697911117,0.00605359670432803,0.00979779020788696,0.0107083448909873,0.0114367886374678,0.0119831214473278
1643698810933,0.00626228388415861,0.0100071454202306,0.0109178528430254,0.0116464187812608,0.0121928432349372
1643699710722,0.0064710644380952,0.0102165943118246,0.0111274545447309,0.011856142731056,0.0124026588707995
1643700610510,0.00643532492517807,0.0101806633424801,0.0110914717853567,0.0118201185396587,0.0123666036053847
1643701510092,0.00639956910685702,0.0101447160144461,0.011055472654997,0.0117840779674376,0.0123305319517684
1643702410904,0.00637927451493137,0.0101243370007771,0.0110350723150776,0.0117636605665183,0.0123101017550986
1643703310861,0.00635897913062311,0.010103957192136,0.0110146711795889,0.0117432423695509,0.0122896707620226
1643704210881,0.00629382834404479,0.0100385704929822,0.0109492276952614,0.0116777534570847,0.0122241477784519
1643705110700,0.0062286815321646,0.00997318778151568,0.0108837882016188,0.0116122685377011,0.0121586287897628
1643706010543,0.0059900185627515,0.00973370075011126,0.0106441065065579,0.0113724311117149,0.011918674565583
1643706910539,0.00594603420521245,0.00968961677048874,0.0106000040327281,0.0113283138425198,0.0118745461998635
1643707810562,0.00596649104011804,0.00971009634014863,0.0106204843533655,0.011348794763939,0.011895027571869
1643708710445,0.00598694711446424,0.00973057514676401,0.0106409639103846,0.0113692749212813,0.0119155081794535
1643709610502,0.00583945842300793,0.00958242611016202,0.0104926443123079,0.0112208188740246,0.0117669497953121
1643710510304,0.00569187733778209,0.00943418437785026,0.0103442319488429,0.0110722700056367,0.011618298548232
1643711411374,0.00554493131501266,0.00928664501714849,0.0101965441370677,0.0109244634330037,0.0114704029049555
1643712310346,0.00539795024704093,0.00913907049671736,0.0100488211391345,0.0107766216530685,0.0113224720385188
1643713211384,0.00508875563254407,0.00882871498981475,0.00973818240316193,0.0104657563338393,0.0110114367818477
1643714111648,0.00477954693580096,0.00851834535464624,0.00942752952830239,0.0101548768672277,0.0107003873714215
1643715010852,0.00465276086392308,0.00839106086171881,0.00930012144677828,0.0100273699148261,0.0105728062658617
1643715910973,0.00452595823860169,0.00826375976125182,0.0091726967452308,0.00989984633241403,0.0104452085228013
1643716811148,0.00457673868261566,0.00831469748172942,0.00922366987654533,0.00995084779239797,0.0104962312292876
1643717711168,0.00450727425218989,0.00824499737066131,0.00915391449390479,0.00988104819249958,0.0104263984664457
1643718611127,0.00430620539846438,0.00804318922706648,0.00895192736871686,0.00967891788203668,0.0102241607670268
1643719510512,0.00410514473088863,0.00784138929637423,0.00874994846260435,0.00947679579558858,0.0100219312953265
1643720410390,0.00431344518140131,0.00805035085947048,0.00895906059214102,0.00968602837827737,0.0102312542178797
1643721311178,0.00452184993129934,0.0082594170627992,0.00916827744056725,0.0098953657427816,0.0104406819694425
1643722211860,0.00445968626897875,0.00819704044733394,0.00910585068306724,0.00983289887165428,0.0103781850130944
1643723110693,0.00444083066482626,0.00817813302748172,0.00908693230474689,0.00981397172655929,0.0103592512929185
1643724010665,0.0045000307360743,0.00823754617085815,0.00914639661661631,0.00987347697322316,0.0104187872406782
1643724913023,0.00455931319079617,0.00829704196693481,0.00920594364331584,0.00993306498442048,0.0104784059902492
1643725810943,0.00471473938451483,0.008453058291503,0.00936210452816533,0.0100893415174952,0.0106347692594924
1643726710739,0.00450708588030202,0.00824464397895563,0.00915350626822442,0.00988059609963976,0.010425913473201
1643727610791,0.00449970824820989,0.00823722262911142,0.00914607283166635,0.00987315299371017,0.0104184631152433
1643728510441,0.00449232987358283,0.00822980053430622,0.00913863864958731,0.00986570914181195,0.0104110120109806
1643729411392,0.00474524060493664,0.00848352796739649,0.00939255355330815,0.0101197740220373,0.0106651893735841
1643730311197,0.00499825231966078,0.00873735671386755,0.00964656984656576,0.0103739403527248,0.0109194682323437
1643731211093,0.00527177973836546,0.00901175199492621,0.00992116275235722,0.0106486913583022,0.011194337812761
1643732110723,0.00566069537602143,0.00940196461681775,0.0103116773294984,0.0110394474996429,0.0115852751272512
1643733010635,0.00575461023987223,0.00949619619591013,0.0104059829957242,0.0111338124355755,0.0116796845154641
1643733910511,0.00584854540467505,0.00959044814229726,0.0105003090445546,0.0112281977663609,0.0117741143077155
1643734810832,0.00589867986670378,0.00964076605028041,0.0105506712842218,0.011278595471375,0.0118245386117397
1643735710469,0.00594882437921118,0.00969109404158686,0.0106010436147914,0.0113290032733553,0.011874973017278
1643736610270,0.00610340478037164,0.00984626180956871,0.0107563553052021,0.011484430101709,0.0120304861990888
1643737511076,0.006257991072113,0.0100014354873819,0.0109116729098857,0.0116398628478898,0.0121860053013922
1643738411234,0.00677962315824865,0.010524780926237,0.0114354146215623,0.0121639215778226,0.0127103017950176
1643739311576,0.00730177597476711,0.0110486487972086,0.0119596791580625,0.0126885034467454,0.0132351216632578
1643740213514,0.0075802272719121,0.011328094153394,0.012239362480843,0.0129683771428017,0.0135151381392709
1643741110683,0.00785873984272634,0.0116076009834898,0.0125191073237425,0.0132483123959448,0.0137952162000967
1643741556452,0.00851069392302528,0.012261836085167,0.013173884145792,0.0139035225942916,0.0144507514306662
1643741717961,0.00916316398316885,0.0129165888528977,0.0138291790230192,0.014559251159117,0.01510680526119
1643742010980,0.00883131446357543,0.0125835044052616,0.0134957942611658,0.0142256261458891,0.0147730000594315
